"NumeroDoExperimento","NumeroDaGeracao","NumeroDeEspacosVazios","NumeroDeSubstratosInicial","NumeroDePresasInicial","NumeroDePredadoresInicial","NumeroDePresasReproduzidas","NumeroDePredadoresReproduzidos","NumeroDePresasMortasDeFome","NumeroDePredadoresMortosDeFome","NumeroDePresasMortasPorIdade","NumeroDePredadoresMortosPorIdade","NumeroDePresasMortasPorPredadores","NumeroDeSubstratosConsumidos","NumeroDeSubstratoRestante","NumeroDePresasVivas","NumeroDePredadoresVivos"
0,0,0,0,0,0,0,0,0,0,0,0,0,0,0,0,0
1,1,651,300,150,50,0,0,0,0,0,0,0,0,300,150,50
1,2,651,300,150,50,0,0,0,0,0,0,0,31,78,121,50
1,3,685,300,150,50,0,0,0,1,0,0,7,2,46,120,49
1,4,793,300,150,50,0,10,0,97,0,0,1,0,43,29,35
1,5,803,300,150,50,54,4,0,18,0,0,1,0,42,28,27
1,6,778,300,150,50,0,2,0,30,0,2,1,6,42,54,26
1,7,842,300,150,50,0,4,0,59,0,0,0,1,36,6,16
1,8,852,300,150,50,12,0,0,12,0,0,0,0,34,6,8
1,9,852,300,150,50,0,0,0,11,0,1,0,2,34,12,2
1,10,866,300,150,50,0,0,0,12,0,0,0,0,32,2,0
1,11,866,300,150,50,4,0,0,0,0,0,0,0,32,2,0
1,12,864,300,150,50,0,0,0,2,0,0,0,1,32,4,0
1,13,868,300,150,50,0,0,0,3,0,0,0,0,31,1,0
1,14,868,300,150,50,2,0,0,0,0,0,0,0,31,1,0
1,15,867,300,150,50,0,0,0,1,0,0,0,0,31,2,0
1,16,869,300,150,50,0,0,0,2,0,0,0,0,31,0,0
1,17,869,300,150,50,0,0,0,0,0,0,0,0,31,0,0
1,18,869,300,150,50,0,0,0,0,0,0,0,0,31,0,0
1,19,869,300,150,50,0,0,0,0,0,0,0,0,31,0,0
1,20,869,300,150,50,0,0,0,0,0,0,0,0,31,0,0
1,21,869,300,150,50,0,0,0,0,0,0,0,0,31,0,0
1,22,869,300,150,50,0,0,0,0,0,0,0,0,31,0,0
1,23,869,300,150,50,0,0,0,0,0,0,0,0,31,0,0
1,24,869,300,150,50,0,0,0,0,0,0,0,0,31,0,0
1,25,869,300,150,50,0,0,0,0,0,0,0,0,31,0,0
1,26,869,300,150,50,0,0,0,0,0,0,0,0,31,0,0
1,27,869,300,150,50,0,0,0,0,0,0,0,0,31,0,0
1,28,869,300,150,50,0,0,0,0,0,0,0,0,31,0,0
1,29,869,300,150,50,0,0,0,0,0,0,0,0,31,0,0
1,30,869,300,150,50,0,0,0,0,0,0,0,0,31,0,0
1,31,869,300,150,50,0,0,0,0,0,0,0,0,31,0,0
1,32,869,300,150,50,0,0,0,0,0,0,0,0,31,0,0
1,33,869,300,150,50,0,0,0,0,0,0,0,0,31,0,0
1,34,869,300,150,50,0,0,0,0,0,0,0,0,31,0,0
1,35,869,300,150,50,0,0,0,0,0,0,0,0,31,0,0
1,36,869,300,150,50,0,0,0,0,0,0,0,0,31,0,0
1,37,869,300,150,50,0,0,0,0,0,0,0,0,31,0,0
1,38,869,300,150,50,0,0,0,0,0,0,0,0,31,0,0
1,39,869,300,150,50,0,0,0,0,0,0,0,0,31,0,0
1,40,869,300,150,50,0,0,0,0,0,0,0,0,31,0,0
1,41,869,300,150,50,0,0,0,0,0,0,0,0,31,0,0
1,42,869,300,150,50,0,0,0,0,0,0,0,0,31,0,0
1,43,869,300,150,50,0,0,0,0,0,0,0,0,31,0,0
1,44,869,300,150,50,0,0,0,0,0,0,0,0,31,0,0
1,45,869,300,150,50,0,0,0,0,0,0,0,0,31,0,0
1,46,869,300,150,50,0,0,0,0,0,0,0,0,31,0,0
1,47,869,300,150,50,0,0,0,0,0,0,0,0,31,0,0
1,48,869,300,150,50,0,0,0,0,0,0,0,0,31,0,0
1,49,869,300,150,50,0,0,0,0,0,0,0,0,31,0,0
1,50,869,300,150,50,0,0,0,0,0,0,0,0,31,0,0
1,51,869,300,150,50,0,0,0,0,0,0,0,0,31,0,0
2,1,654,300,150,50,0,0,0,0,0,0,0,0,300,150,50
2,2,654,300,150,50,0,0,0,0,0,0,0,26,75,121,50
2,3,687,300,150,50,0,0,0,0,0,0,5,2,44,120,49
2,4,801,300,150,50,0,6,0,106,0,0,2,0,41,25,33
2,5,820,300,150,50,46,6,0,23,0,0,0,0,41,23,16
2,6,796,300,150,50,0,2,0,26,0,1,0,5,40,46,18
2,7,850,300,150,50,0,0,0,51,0,0,0,0,35,5,10
2,8,858,300,150,50,10,0,0,8,0,0,0,0,35,5,2
2,9,855,300,150,50,0,0,0,7,0,0,0,1,35,10,0
2,10,865,300,150,50,0,0,0,9,0,0,0,0,34,1,0
2,11,865,300,150,50,2,0,0,0,0,0,0,0,34,1,0
2,12,864,300,150,50,0,0,0,1,0,0,0,0,34,2,0
2,13,866,300,150,50,0,0,0,2,0,0,0,0,34,0,0
2,14,866,300,150,50,0,0,0,0,0,0,0,0,34,0,0
2,15,866,300,150,50,0,0,0,0,0,0,0,0,34,0,0
2,16,866,300,150,50,0,0,0,0,0,0,0,0,34,0,0
2,17,866,300,150,50,0,0,0,0,0,0,0,0,34,0,0
2,18,866,300,150,50,0,0,0,0,0,0,0,0,34,0,0
2,19,866,300,150,50,0,0,0,0,0,0,0,0,34,0,0
2,20,866,300,150,50,0,0,0,0,0,0,0,0,34,0,0
2,21,866,300,150,50,0,0,0,0,0,0,0,0,34,0,0
2,22,866,300,150,50,0,0,0,0,0,0,0,0,34,0,0
2,23,866,300,150,50,0,0,0,0,0,0,0,0,34,0,0
2,24,866,300,150,50,0,0,0,0,0,0,0,0,34,0,0
2,25,866,300,150,50,0,0,0,0,0,0,0,0,34,0,0
2,26,866,300,150,50,0,0,0,0,0,0,0,0,34,0,0
2,27,866,300,150,50,0,0,0,0,0,0,0,0,34,0,0
2,28,866,300,150,50,0,0,0,0,0,0,0,0,34,0,0
2,29,866,300,150,50,0,0,0,0,0,0,0,0,34,0,0
2,30,866,300,150,50,0,0,0,0,0,0,0,0,34,0,0
2,31,866,300,150,50,0,0,0,0,0,0,0,0,34,0,0
2,32,866,300,150,50,0,0,0,0,0,0,0,0,34,0,0
2,33,866,300,150,50,0,0,0,0,0,0,0,0,34,0,0
2,34,866,300,150,50,0,0,0,0,0,0,0,0,34,0,0
2,35,866,300,150,50,0,0,0,0,0,0,0,0,34,0,0
2,36,866,300,150,50,0,0,0,0,0,0,0,0,34,0,0
2,37,866,300,150,50,0,0,0,0,0,0,0,0,34,0,0
2,38,866,300,150,50,0,0,0,0,0,0,0,0,34,0,0
2,39,866,300,150,50,0,0,0,0,0,0,0,0,34,0,0
2,40,866,300,150,50,0,0,0,0,0,0,0,0,34,0,0
2,41,866,300,150,50,0,0,0,0,0,0,0,0,34,0,0
2,42,866,300,150,50,0,0,0,0,0,0,0,0,34,0,0
2,43,866,300,150,50,0,0,0,0,0,0,0,0,34,0,0
2,44,866,300,150,50,0,0,0,0,0,0,0,0,34,0,0
2,45,866,300,150,50,0,0,0,0,0,0,0,0,34,0,0
2,46,866,300,150,50,0,0,0,0,0,0,0,0,34,0,0
2,47,866,300,150,50,0,0,0,0,0,0,0,0,34,0,0
2,48,866,300,150,50,0,0,0,0,0,0,0,0,34,0,0
2,49,866,300,150,50,0,0,0,0,0,0,0,0,34,0,0
2,50,866,300,150,50,0,0,0,0,0,0,0,0,34,0,0
2,51,866,300,150,50,0,0,0,0,0,0,0,0,34,0,0
3,1,642,300,150,50,0,0,0,0,0,0,0,0,300,150,50
3,2,642,300,150,50,0,0,0,0,0,0,0,31,88,120,50
3,3,680,300,150,50,0,0,0,2,0,0,4,3,53,119,48
3,4,793,300,150,50,0,2,0,101,0,0,1,0,46,28,33
3,5,819,300,150,50,54,6,0,25,0,0,0,0,44,27,10
3,6,791,300,150,50,0,0,0,28,0,2,0,6,43,53,13
3,7,850,300,150,50,0,0,0,52,0,0,0,0,36,6,8
3,8,858,300,150,50,12,0,0,8,0,0,0,0,36,6,0
3,9,852,300,150,50,0,0,0,6,0,0,0,2,36,12,0
3,10,864,300,150,50,0,0,0,10,0,0,0,1,34,2,0
3,11,865,300,150,50,4,0,0,0,0,0,0,0,33,2,0
3,12,863,300,150,50,0,0,0,1,0,1,0,0,33,4,0
3,13,867,300,150,50,0,0,0,4,0,0,0,0,33,0,0
3,14,867,300,150,50,0,0,0,0,0,0,0,0,33,0,0
3,15,867,300,150,50,0,0,0,0,0,0,0,0,33,0,0
3,16,867,300,150,50,0,0,0,0,0,0,0,0,33,0,0
3,17,867,300,150,50,0,0,0,0,0,0,0,0,33,0,0
3,18,867,300,150,50,0,0,0,0,0,0,0,0,33,0,0
3,19,867,300,150,50,0,0,0,0,0,0,0,0,33,0,0
3,20,867,300,150,50,0,0,0,0,0,0,0,0,33,0,0
3,21,867,300,150,50,0,0,0,0,0,0,0,0,33,0,0
3,22,867,300,150,50,0,0,0,0,0,0,0,0,33,0,0
3,23,867,300,150,50,0,0,0,0,0,0,0,0,33,0,0
3,24,867,300,150,50,0,0,0,0,0,0,0,0,33,0,0
3,25,867,300,150,50,0,0,0,0,0,0,0,0,33,0,0
3,26,867,300,150,50,0,0,0,0,0,0,0,0,33,0,0
3,27,867,300,150,50,0,0,0,0,0,0,0,0,33,0,0
3,28,867,300,150,50,0,0,0,0,0,0,0,0,33,0,0
3,29,867,300,150,50,0,0,0,0,0,0,0,0,33,0,0
3,30,867,300,150,50,0,0,0,0,0,0,0,0,33,0,0
3,31,867,300,150,50,0,0,0,0,0,0,0,0,33,0,0
3,32,867,300,150,50,0,0,0,0,0,0,0,0,33,0,0
3,33,867,300,150,50,0,0,0,0,0,0,0,0,33,0,0
3,34,867,300,150,50,0,0,0,0,0,0,0,0,33,0,0
3,35,867,300,150,50,0,0,0,0,0,0,0,0,33,0,0
3,36,867,300,150,50,0,0,0,0,0,0,0,0,33,0,0
3,37,867,300,150,50,0,0,0,0,0,0,0,0,33,0,0
3,38,867,300,150,50,0,0,0,0,0,0,0,0,33,0,0
3,39,867,300,150,50,0,0,0,0,0,0,0,0,33,0,0
3,40,867,300,150,50,0,0,0,0,0,0,0,0,33,0,0
3,41,867,300,150,50,0,0,0,0,0,0,0,0,33,0,0
3,42,867,300,150,50,0,0,0,0,0,0,0,0,33,0,0
3,43,867,300,150,50,0,0,0,0,0,0,0,0,33,0,0
3,44,867,300,150,50,0,0,0,0,0,0,0,0,33,0,0
3,45,867,300,150,50,0,0,0,0,0,0,0,0,33,0,0
3,46,867,300,150,50,0,0,0,0,0,0,0,0,33,0,0
3,47,867,300,150,50,0,0,0,0,0,0,0,0,33,0,0
3,48,867,300,150,50,0,0,0,0,0,0,0,0,33,0,0
3,49,867,300,150,50,0,0,0,0,0,0,0,0,33,0,0
3,50,867,300,150,50,0,0,0,0,0,0,0,0,33,0,0
3,51,867,300,150,50,0,0,0,0,0,0,0,0,33,0,0
4,1,574,400,150,50,0,0,0,0,0,0,0,0,400,150,50
4,2,574,400,150,50,0,0,0,0,0,0,0,43,150,126,50
4,3,627,400,150,50,0,0,0,1,0,0,10,4,99,125,49
4,4,731,400,150,50,0,4,0,84,0,0,8,1,89,40,40
4,5,759,400,150,50,64,16,0,20,0,0,0,0,85,32,24
4,6,721,400,150,50,0,8,0,32,0,5,3,10,82,63,34
4,7,791,400,150,50,0,0,0,62,0,1,0,1,70,10,29
4,8,815,400,150,50,20,4,0,23,0,0,0,0,69,10,6
4,9,805,400,150,50,0,0,0,13,0,1,0,4,69,20,6
4,10,829,400,150,50,0,0,0,20,0,0,0,1,65,4,2
4,11,832,400,150,50,8,0,0,2,0,0,0,0,64,4,0
4,12,828,400,150,50,0,0,0,3,0,1,0,2,64,8,0
4,13,836,400,150,50,0,0,0,6,0,0,0,1,62,2,0
4,14,837,400,150,50,4,0,0,0,0,0,0,0,61,2,0
4,15,835,400,150,50,0,0,0,1,0,1,0,2,61,4,0
4,16,839,400,150,50,0,0,0,2,0,0,0,0,59,2,0
4,17,839,400,150,50,4,0,0,0,0,0,0,0,59,2,0
4,18,837,400,150,50,0,0,0,2,0,0,0,1,59,4,0
4,19,841,400,150,50,0,0,0,3,0,0,0,0,58,1,0
4,20,841,400,150,50,2,0,0,0,0,0,0,0,58,1,0
4,21,840,400,150,50,0,0,0,1,0,0,0,1,58,2,0
4,22,842,400,150,50,0,0,0,1,0,0,0,0,57,1,0
4,23,842,400,150,50,2,0,0,0,0,0,0,0,57,1,0
4,24,841,400,150,50,0,0,0,1,0,0,0,0,57,2,0
4,25,843,400,150,50,0,0,0,2,0,0,0,0,57,0,0
4,26,843,400,150,50,0,0,0,0,0,0,0,0,57,0,0
4,27,843,400,150,50,0,0,0,0,0,0,0,0,57,0,0
4,28,843,400,150,50,0,0,0,0,0,0,0,0,57,0,0
4,29,843,400,150,50,0,0,0,0,0,0,0,0,57,0,0
4,30,843,400,150,50,0,0,0,0,0,0,0,0,57,0,0
4,31,843,400,150,50,0,0,0,0,0,0,0,0,57,0,0
4,32,843,400,150,50,0,0,0,0,0,0,0,0,57,0,0
4,33,843,400,150,50,0,0,0,0,0,0,0,0,57,0,0
4,34,843,400,150,50,0,0,0,0,0,0,0,0,57,0,0
4,35,843,400,150,50,0,0,0,0,0,0,0,0,57,0,0
4,36,843,400,150,50,0,0,0,0,0,0,0,0,57,0,0
4,37,843,400,150,50,0,0,0,0,0,0,0,0,57,0,0
4,38,843,400,150,50,0,0,0,0,0,0,0,0,57,0,0
4,39,843,400,150,50,0,0,0,0,0,0,0,0,57,0,0
4,40,843,400,150,50,0,0,0,0,0,0,0,0,57,0,0
4,41,843,400,150,50,0,0,0,0,0,0,0,0,57,0,0
4,42,843,400,150,50,0,0,0,0,0,0,0,0,57,0,0
4,43,843,400,150,50,0,0,0,0,0,0,0,0,57,0,0
4,44,843,400,150,50,0,0,0,0,0,0,0,0,57,0,0
4,45,843,400,150,50,0,0,0,0,0,0,0,0,57,0,0
4,46,843,400,150,50,0,0,0,0,0,0,0,0,57,0,0
4,47,843,400,150,50,0,0,0,0,0,0,0,0,57,0,0
4,48,843,400,150,50,0,0,0,0,0,0,0,0,57,0,0
4,49,843,400,150,50,0,0,0,0,0,0,0,0,57,0,0
4,50,843,400,150,50,0,0,0,0,0,0,0,0,57,0,0
4,51,843,400,150,50,0,0,0,0,0,0,0,0,57,0,0
5,1,574,400,150,50,0,0,0,0,0,0,0,0,400,150,50
5,2,574,400,150,50,0,0,0,0,0,0,0,59,149,127,50
5,3,643,400,150,50,0,0,0,0,0,0,8,7,81,126,50
5,4,737,400,150,50,0,8,0,74,0,0,5,1,69,55,39
5,5,756,400,150,50,96,12,0,18,0,0,2,0,65,50,29
5,6,713,400,150,50,0,10,0,51,0,4,5,16,62,93,32
5,7,809,400,150,50,0,4,0,82,0,1,0,1,46,16,29
5,8,827,400,150,50,30,4,0,19,0,0,1,0,43,16,14
5,9,823,400,150,50,0,0,0,25,0,1,0,3,40,30,7
5,10,857,400,150,50,0,0,0,30,0,1,0,0,37,3,3
5,11,860,400,150,50,6,0,0,3,0,0,0,0,37,3,0
5,12,857,400,150,50,0,0,0,3,0,0,0,0,37,6,0
5,13,863,400,150,50,0,0,0,6,0,0,0,0,37,0,0
5,14,863,400,150,50,0,0,0,0,0,0,0,0,37,0,0
5,15,863,400,150,50,0,0,0,0,0,0,0,0,37,0,0
5,16,863,400,150,50,0,0,0,0,0,0,0,0,37,0,0
5,17,863,400,150,50,0,0,0,0,0,0,0,0,37,0,0
5,18,863,400,150,50,0,0,0,0,0,0,0,0,37,0,0
5,19,863,400,150,50,0,0,0,0,0,0,0,0,37,0,0
5,20,863,400,150,50,0,0,0,0,0,0,0,0,37,0,0
5,21,863,400,150,50,0,0,0,0,0,0,0,0,37,0,0
5,22,863,400,150,50,0,0,0,0,0,0,0,0,37,0,0
5,23,863,400,150,50,0,0,0,0,0,0,0,0,37,0,0
5,24,863,400,150,50,0,0,0,0,0,0,0,0,37,0,0
5,25,863,400,150,50,0,0,0,0,0,0,0,0,37,0,0
5,26,863,400,150,50,0,0,0,0,0,0,0,0,37,0,0
5,27,863,400,150,50,0,0,0,0,0,0,0,0,37,0,0
5,28,863,400,150,50,0,0,0,0,0,0,0,0,37,0,0
5,29,863,400,150,50,0,0,0,0,0,0,0,0,37,0,0
5,30,863,400,150,50,0,0,0,0,0,0,0,0,37,0,0
5,31,863,400,150,50,0,0,0,0,0,0,0,0,37,0,0
5,32,863,400,150,50,0,0,0,0,0,0,0,0,37,0,0
5,33,863,400,150,50,0,0,0,0,0,0,0,0,37,0,0
5,34,863,400,150,50,0,0,0,0,0,0,0,0,37,0,0
5,35,863,400,150,50,0,0,0,0,0,0,0,0,37,0,0
5,36,863,400,150,50,0,0,0,0,0,0,0,0,37,0,0
5,37,863,400,150,50,0,0,0,0,0,0,0,0,37,0,0
5,38,863,400,150,50,0,0,0,0,0,0,0,0,37,0,0
5,39,863,400,150,50,0,0,0,0,0,0,0,0,37,0,0
5,40,863,400,150,50,0,0,0,0,0,0,0,0,37,0,0
5,41,863,400,150,50,0,0,0,0,0,0,0,0,37,0,0
5,42,863,400,150,50,0,0,0,0,0,0,0,0,37,0,0
5,43,863,400,150,50,0,0,0,0,0,0,0,0,37,0,0
5,44,863,400,150,50,0,0,0,0,0,0,0,0,37,0,0
5,45,863,400,150,50,0,0,0,0,0,0,0,0,37,0,0
5,46,863,400,150,50,0,0,0,0,0,0,0,0,37,0,0
5,47,863,400,150,50,0,0,0,0,0,0,0,0,37,0,0
5,48,863,400,150,50,0,0,0,0,0,0,0,0,37,0,0
5,49,863,400,150,50,0,0,0,0,0,0,0,0,37,0,0
5,50,863,400,150,50,0,0,0,0,0,0,0,0,37,0,0
5,51,863,400,150,50,0,0,0,0,0,0,0,0,37,0,0
6,1,577,400,150,50,0,0,0,0,0,0,0,0,400,150,50
6,2,577,400,150,50,0,0,0,0,0,0,0,60,150,123,50
6,3,647,400,150,50,0,0,0,2,0,0,11,8,83,122,48
6,4,746,400,150,50,0,12,0,73,0,0,2,0,69,52,33
6,5,761,400,150,50,96,10,0,19,0,0,2,0,63,50,26
6,6,721,400,150,50,0,2,0,49,0,8,3,20,61,93,25
6,7,821,400,150,50,0,4,0,77,0,1,0,0,40,20,19
6,8,834,400,150,50,40,2,0,16,0,0,0,0,39,20,7
6,9,817,400,150,50,0,0,0,25,0,0,0,6,39,40,4
6,10,860,400,150,50,0,0,0,37,0,0,0,0,33,6,1
6,11,861,400,150,50,12,0,0,1,0,0,0,0,33,6,0
6,12,855,400,150,50,0,0,0,6,0,0,0,0,33,12,0
6,13,867,400,150,50,0,0,0,12,0,0,0,0,33,0,0
6,14,867,400,150,50,0,0,0,0,0,0,0,0,33,0,0
6,15,867,400,150,50,0,0,0,0,0,0,0,0,33,0,0
6,16,867,400,150,50,0,0,0,0,0,0,0,0,33,0,0
6,17,867,400,150,50,0,0,0,0,0,0,0,0,33,0,0
6,18,867,400,150,50,0,0,0,0,0,0,0,0,33,0,0
6,19,867,400,150,50,0,0,0,0,0,0,0,0,33,0,0
6,20,867,400,150,50,0,0,0,0,0,0,0,0,33,0,0
6,21,867,400,150,50,0,0,0,0,0,0,0,0,33,0,0
6,22,867,400,150,50,0,0,0,0,0,0,0,0,33,0,0
6,23,867,400,150,50,0,0,0,0,0,0,0,0,33,0,0
6,24,867,400,150,50,0,0,0,0,0,0,0,0,33,0,0
6,25,867,400,150,50,0,0,0,0,0,0,0,0,33,0,0
6,26,867,400,150,50,0,0,0,0,0,0,0,0,33,0,0
6,27,867,400,150,50,0,0,0,0,0,0,0,0,33,0,0
6,28,867,400,150,50,0,0,0,0,0,0,0,0,33,0,0
6,29,867,400,150,50,0,0,0,0,0,0,0,0,33,0,0
6,30,867,400,150,50,0,0,0,0,0,0,0,0,33,0,0
6,31,867,400,150,50,0,0,0,0,0,0,0,0,33,0,0
6,32,867,400,150,50,0,0,0,0,0,0,0,0,33,0,0
6,33,867,400,150,50,0,0,0,0,0,0,0,0,33,0,0
6,34,867,400,150,50,0,0,0,0,0,0,0,0,33,0,0
6,35,867,400,150,50,0,0,0,0,0,0,0,0,33,0,0
6,36,867,400,150,50,0,0,0,0,0,0,0,0,33,0,0
6,37,867,400,150,50,0,0,0,0,0,0,0,0,33,0,0
6,38,867,400,150,50,0,0,0,0,0,0,0,0,33,0,0
6,39,867,400,150,50,0,0,0,0,0,0,0,0,33,0,0
6,40,867,400,150,50,0,0,0,0,0,0,0,0,33,0,0
6,41,867,400,150,50,0,0,0,0,0,0,0,0,33,0,0
6,42,867,400,150,50,0,0,0,0,0,0,0,0,33,0,0
6,43,867,400,150,50,0,0,0,0,0,0,0,0,33,0,0
6,44,867,400,150,50,0,0,0,0,0,0,0,0,33,0,0
6,45,867,400,150,50,0,0,0,0,0,0,0,0,33,0,0
6,46,867,400,150,50,0,0,0,0,0,0,0,0,33,0,0
6,47,867,400,150,50,0,0,0,0,0,0,0,0,33,0,0
6,48,867,400,150,50,0,0,0,0,0,0,0,0,33,0,0
6,49,867,400,150,50,0,0,0,0,0,0,0,0,33,0,0
6,50,867,400,150,50,0,0,0,0,0,0,0,0,33,0,0
6,51,867,400,150,50,0,0,0,0,0,0,0,0,33,0,0
7,1,523,500,150,50,0,0,0,0,0,0,0,0,500,150,50
7,2,523,500,150,50,0,0,0,0,0,0,0,62,197,130,50
7,3,598,500,150,50,0,0,0,1,0,0,10,12,125,128,49
7,4,702,500,150,50,0,6,0,72,0,0,3,3,104,56,38
7,5,723,500,150,50,106,16,0,20,0,0,0,0,100,53,24
7,6,671,500,150,50,0,2,0,51,0,10,4,22,97,102,30
7,7,785,500,150,50,0,2,0,87,0,2,0,2,74,21,20
7,8,802,500,150,50,42,0,0,17,0,0,0,0,72,21,5
7,9,784,500,150,50,0,0,0,22,0,2,0,5,72,42,2
7,10,828,500,150,50,0,0,0,39,0,0,0,0,67,5,0
7,11,828,500,150,50,10,0,0,0,0,0,0,0,67,5,0
7,12,823,500,150,50,0,0,0,5,0,0,0,3,67,10,0
7,13,833,500,150,50,0,0,0,7,0,0,0,0,64,3,0
7,14,833,500,150,50,6,0,0,0,0,0,0,0,64,3,0
7,15,830,500,150,50,0,0,0,3,0,0,0,0,64,6,0
7,16,836,500,150,50,0,0,0,6,0,0,0,0,64,0,0
7,17,836,500,150,50,0,0,0,0,0,0,0,0,64,0,0
7,18,836,500,150,50,0,0,0,0,0,0,0,0,64,0,0
7,19,836,500,150,50,0,0,0,0,0,0,0,0,64,0,0
7,20,836,500,150,50,0,0,0,0,0,0,0,0,64,0,0
7,21,836,500,150,50,0,0,0,0,0,0,0,0,64,0,0
7,22,836,500,150,50,0,0,0,0,0,0,0,0,64,0,0
7,23,836,500,150,50,0,0,0,0,0,0,0,0,64,0,0
7,24,836,500,150,50,0,0,0,0,0,0,0,0,64,0,0
7,25,836,500,150,50,0,0,0,0,0,0,0,0,64,0,0
7,26,836,500,150,50,0,0,0,0,0,0,0,0,64,0,0
7,27,836,500,150,50,0,0,0,0,0,0,0,0,64,0,0
7,28,836,500,150,50,0,0,0,0,0,0,0,0,64,0,0
7,29,836,500,150,50,0,0,0,0,0,0,0,0,64,0,0
7,30,836,500,150,50,0,0,0,0,0,0,0,0,64,0,0
7,31,836,500,150,50,0,0,0,0,0,0,0,0,64,0,0
7,32,836,500,150,50,0,0,0,0,0,0,0,0,64,0,0
7,33,836,500,150,50,0,0,0,0,0,0,0,0,64,0,0
7,34,836,500,150,50,0,0,0,0,0,0,0,0,64,0,0
7,35,836,500,150,50,0,0,0,0,0,0,0,0,64,0,0
7,36,836,500,150,50,0,0,0,0,0,0,0,0,64,0,0
7,37,836,500,150,50,0,0,0,0,0,0,0,0,64,0,0
7,38,836,500,150,50,0,0,0,0,0,0,0,0,64,0,0
7,39,836,500,150,50,0,0,0,0,0,0,0,0,64,0,0
7,40,836,500,150,50,0,0,0,0,0,0,0,0,64,0,0
7,41,836,500,150,50,0,0,0,0,0,0,0,0,64,0,0
7,42,836,500,150,50,0,0,0,0,0,0,0,0,64,0,0
7,43,836,500,150,50,0,0,0,0,0,0,0,0,64,0,0
7,44,836,500,150,50,0,0,0,0,0,0,0,0,64,0,0
7,45,836,500,150,50,0,0,0,0,0,0,0,0,64,0,0
7,46,836,500,150,50,0,0,0,0,0,0,0,0,64,0,0
7,47,836,500,150,50,0,0,0,0,0,0,0,0,64,0,0
7,48,836,500,150,50,0,0,0,0,0,0,0,0,64,0,0
7,49,836,500,150,50,0,0,0,0,0,0,0,0,64,0,0
7,50,836,500,150,50,0,0,0,0,0,0,0,0,64,0,0
7,51,836,500,150,50,0,0,0,0,0,0,0,0,64,0,0
8,1,534,500,150,50,0,0,0,0,0,0,0,0,500,150,50
8,2,534,500,150,50,0,0,0,0,0,0,0,67,189,127,50
8,3,621,500,150,50,0,0,0,2,0,0,10,16,107,124,48
8,4,713,500,150,50,0,8,0,61,0,0,10,1,86,62,39
8,5,736,500,150,50,104,22,0,16,0,0,0,0,81,52,31
8,6,679,500,150,50,0,4,0,47,0,12,7,21,77,101,43
8,7,797,500,150,50,0,4,0,88,0,2,1,1,52,21,30
8,8,818,500,150,50,38,6,0,22,0,1,1,0,51,20,11
8,9,801,500,150,50,0,0,0,25,0,1,1,4,51,38,10
8,10,842,500,150,50,0,2,0,36,0,0,0,0,47,4,7
8,11,846,500,150,50,8,2,0,6,0,0,0,0,47,4,3
8,12,843,500,150,50,0,0,0,7,0,0,0,1,47,8,2
8,13,852,500,150,50,0,0,0,8,0,0,0,0,46,1,1
8,14,853,500,150,50,2,0,0,1,0,0,0,0,46,1,0
8,15,852,500,150,50,0,0,0,1,0,0,0,0,46,2,0
8,16,854,500,150,50,0,0,0,2,0,0,0,0,46,0,0
8,17,854,500,150,50,0,0,0,0,0,0,0,0,46,0,0
8,18,854,500,150,50,0,0,0,0,0,0,0,0,46,0,0
8,19,854,500,150,50,0,0,0,0,0,0,0,0,46,0,0
8,20,854,500,150,50,0,0,0,0,0,0,0,0,46,0,0
8,21,854,500,150,50,0,0,0,0,0,0,0,0,46,0,0
8,22,854,500,150,50,0,0,0,0,0,0,0,0,46,0,0
8,23,854,500,150,50,0,0,0,0,0,0,0,0,46,0,0
8,24,854,500,150,50,0,0,0,0,0,0,0,0,46,0,0
8,25,854,500,150,50,0,0,0,0,0,0,0,0,46,0,0
8,26,854,500,150,50,0,0,0,0,0,0,0,0,46,0,0
8,27,854,500,150,50,0,0,0,0,0,0,0,0,46,0,0
8,28,854,500,150,50,0,0,0,0,0,0,0,0,46,0,0
8,29,854,500,150,50,0,0,0,0,0,0,0,0,46,0,0
8,30,854,500,150,50,0,0,0,0,0,0,0,0,46,0,0
8,31,854,500,150,50,0,0,0,0,0,0,0,0,46,0,0
8,32,854,500,150,50,0,0,0,0,0,0,0,0,46,0,0
8,33,854,500,150,50,0,0,0,0,0,0,0,0,46,0,0
8,34,854,500,150,50,0,0,0,0,0,0,0,0,46,0,0
8,35,854,500,150,50,0,0,0,0,0,0,0,0,46,0,0
8,36,854,500,150,50,0,0,0,0,0,0,0,0,46,0,0
8,37,854,500,150,50,0,0,0,0,0,0,0,0,46,0,0
8,38,854,500,150,50,0,0,0,0,0,0,0,0,46,0,0
8,39,854,500,150,50,0,0,0,0,0,0,0,0,46,0,0
8,40,854,500,150,50,0,0,0,0,0,0,0,0,46,0,0
8,41,854,500,150,50,0,0,0,0,0,0,0,0,46,0,0
8,42,854,500,150,50,0,0,0,0,0,0,0,0,46,0,0
8,43,854,500,150,50,0,0,0,0,0,0,0,0,46,0,0
8,44,854,500,150,50,0,0,0,0,0,0,0,0,46,0,0
8,45,854,500,150,50,0,0,0,0,0,0,0,0,46,0,0
8,46,854,500,150,50,0,0,0,0,0,0,0,0,46,0,0
8,47,854,500,150,50,0,0,0,0,0,0,0,0,46,0,0
8,48,854,500,150,50,0,0,0,0,0,0,0,0,46,0,0
8,49,854,500,150,50,0,0,0,0,0,0,0,0,46,0,0
8,50,854,500,150,50,0,0,0,0,0,0,0,0,46,0,0
8,51,854,500,150,50,0,0,0,0,0,0,0,0,46,0,0
9,1,530,500,150,50,0,0,0,0,0,0,0,0,500,150,50
9,2,530,500,150,50,0,0,0,0,0,0,0,66,187,133,50
9,3,605,500,150,50,0,0,0,1,0,0,10,9,114,132,49
9,4,705,500,150,50,0,14,0,71,0,0,4,1,97,62,36
9,5,721,500,150,50,108,10,0,19,0,1,3,0,92,57,30
9,6,673,500,150,50,0,4,0,48,0,9,4,25,87,105,35
9,7,788,500,150,50,0,4,0,87,0,2,1,2,61,25,26
9,8,808,500,150,50,48,2,0,19,0,1,0,0,58,24,10
9,9,788,500,150,50,0,0,0,28,0,2,1,7,58,48,6
9,10,841,500,150,50,0,0,0,44,0,1,0,0,51,7,1
9,11,842,500,150,50,14,0,0,1,0,0,0,0,51,7,0
9,12,835,500,150,50,0,0,0,7,0,0,0,2,51,14,0
9,13,849,500,150,50,0,0,0,12,0,0,0,0,49,2,0
9,14,849,500,150,50,4,0,0,0,0,0,0,0,49,2,0
9,15,847,500,150,50,0,0,0,2,0,0,0,1,49,4,0
9,16,851,500,150,50,0,0,0,3,0,0,0,0,48,1,0
9,17,851,500,150,50,2,0,0,0,0,0,0,0,48,1,0
9,18,850,500,150,50,0,0,0,1,0,0,0,0,48,2,0
9,19,852,500,150,50,0,0,0,2,0,0,0,0,48,0,0
9,20,852,500,150,50,0,0,0,0,0,0,0,0,48,0,0
9,21,852,500,150,50,0,0,0,0,0,0,0,0,48,0,0
9,22,852,500,150,50,0,0,0,0,0,0,0,0,48,0,0
9,23,852,500,150,50,0,0,0,0,0,0,0,0,48,0,0
9,24,852,500,150,50,0,0,0,0,0,0,0,0,48,0,0
9,25,852,500,150,50,0,0,0,0,0,0,0,0,48,0,0
9,26,852,500,150,50,0,0,0,0,0,0,0,0,48,0,0
9,27,852,500,150,50,0,0,0,0,0,0,0,0,48,0,0
9,28,852,500,150,50,0,0,0,0,0,0,0,0,48,0,0
9,29,852,500,150,50,0,0,0,0,0,0,0,0,48,0,0
9,30,852,500,150,50,0,0,0,0,0,0,0,0,48,0,0
9,31,852,500,150,50,0,0,0,0,0,0,0,0,48,0,0
9,32,852,500,150,50,0,0,0,0,0,0,0,0,48,0,0
9,33,852,500,150,50,0,0,0,0,0,0,0,0,48,0,0
9,34,852,500,150,50,0,0,0,0,0,0,0,0,48,0,0
9,35,852,500,150,50,0,0,0,0,0,0,0,0,48,0,0
9,36,852,500,150,50,0,0,0,0,0,0,0,0,48,0,0
9,37,852,500,150,50,0,0,0,0,0,0,0,0,48,0,0
9,38,852,500,150,50,0,0,0,0,0,0,0,0,48,0,0
9,39,852,500,150,50,0,0,0,0,0,0,0,0,48,0,0
9,40,852,500,150,50,0,0,0,0,0,0,0,0,48,0,0
9,41,852,500,150,50,0,0,0,0,0,0,0,0,48,0,0
9,42,852,500,150,50,0,0,0,0,0,0,0,0,48,0,0
9,43,852,500,150,50,0,0,0,0,0,0,0,0,48,0,0
9,44,852,500,150,50,0,0,0,0,0,0,0,0,48,0,0
9,45,852,500,150,50,0,0,0,0,0,0,0,0,48,0,0
9,46,852,500,150,50,0,0,0,0,0,0,0,0,48,0,0
9,47,852,500,150,50,0,0,0,0,0,0,0,0,48,0,0
9,48,852,500,150,50,0,0,0,0,0,0,0,0,48,0,0
9,49,852,500,150,50,0,0,0,0,0,0,0,0,48,0,0
9,50,852,500,150,50,0,0,0,0,0,0,0,0,48,0,0
9,51,852,500,150,50,0,0,0,0,0,0,0,0,48,0,0
10,1,456,600,150,50,0,0,0,0,0,0,0,0,600,150,50
10,2,456,600,150,50,0,0,0,0,0,0,0,85,263,131,50
10,3,555,600,150,50,0,0,0,0,0,0,9,31,164,131,50
10,4,662,600,150,50,0,4,0,55,0,0,8,7,121,79,38
10,5,694,600,150,50,140,18,0,17,0,1,1,0,111,71,24
10,6,620,600,150,50,0,10,0,44,0,27,5,38,108,135,37
10,7,767,600,150,50,0,0,0,106,0,2,0,2,67,37,29
10,8,794,600,150,50,74,2,0,22,0,2,0,0,64,37,5
10,9,762,600,150,50,0,0,0,40,0,2,2,8,64,72,2
10,10,835,600,150,50,0,0,0,62,0,1,0,0,56,8,1
10,11,835,600,150,50,16,2,0,0,0,0,0,0,56,8,1
10,12,826,600,150,50,0,0,0,9,0,0,0,1,56,16,2
10,13,842,600,150,50,0,0,0,15,0,0,0,0,55,1,2
10,14,844,600,150,50,2,0,0,2,0,0,0,0,55,1,0
10,15,843,600,150,50,0,0,0,1,0,0,0,0,55,2,0
10,16,845,600,150,50,0,0,0,2,0,0,0,0,55,0,0
10,17,845,600,150,50,0,0,0,0,0,0,0,0,55,0,0
10,18,845,600,150,50,0,0,0,0,0,0,0,0,55,0,0
10,19,845,600,150,50,0,0,0,0,0,0,0,0,55,0,0
10,20,845,600,150,50,0,0,0,0,0,0,0,0,55,0,0
10,21,845,600,150,50,0,0,0,0,0,0,0,0,55,0,0
10,22,845,600,150,50,0,0,0,0,0,0,0,0,55,0,0
10,23,845,600,150,50,0,0,0,0,0,0,0,0,55,0,0
10,24,845,600,150,50,0,0,0,0,0,0,0,0,55,0,0
10,25,845,600,150,50,0,0,0,0,0,0,0,0,55,0,0
10,26,845,600,150,50,0,0,0,0,0,0,0,0,55,0,0
10,27,845,600,150,50,0,0,0,0,0,0,0,0,55,0,0
10,28,845,600,150,50,0,0,0,0,0,0,0,0,55,0,0
10,29,845,600,150,50,0,0,0,0,0,0,0,0,55,0,0
10,30,845,600,150,50,0,0,0,0,0,0,0,0,55,0,0
10,31,845,600,150,50,0,0,0,0,0,0,0,0,55,0,0
10,32,845,600,150,50,0,0,0,0,0,0,0,0,55,0,0
10,33,845,600,150,50,0,0,0,0,0,0,0,0,55,0,0
10,34,845,600,150,50,0,0,0,0,0,0,0,0,55,0,0
10,35,845,600,150,50,0,0,0,0,0,0,0,0,55,0,0
10,36,845,600,150,50,0,0,0,0,0,0,0,0,55,0,0
10,37,845,600,150,50,0,0,0,0,0,0,0,0,55,0,0
10,38,845,600,150,50,0,0,0,0,0,0,0,0,55,0,0
10,39,845,600,150,50,0,0,0,0,0,0,0,0,55,0,0
10,40,845,600,150,50,0,0,0,0,0,0,0,0,55,0,0
10,41,845,600,150,50,0,0,0,0,0,0,0,0,55,0,0
10,42,845,600,150,50,0,0,0,0,0,0,0,0,55,0,0
10,43,845,600,150,50,0,0,0,0,0,0,0,0,55,0,0
10,44,845,600,150,50,0,0,0,0,0,0,0,0,55,0,0
10,45,845,600,150,50,0,0,0,0,0,0,0,0,55,0,0
10,46,845,600,150,50,0,0,0,0,0,0,0,0,55,0,0
10,47,845,600,150,50,0,0,0,0,0,0,0,0,55,0,0
10,48,845,600,150,50,0,0,0,0,0,0,0,0,55,0,0
10,49,845,600,150,50,0,0,0,0,0,0,0,0,55,0,0
10,50,845,600,150,50,0,0,0,0,0,0,0,0,55,0,0
10,51,845,600,150,50,0,0,0,0,0,0,0,0,55,0,0
11,1,473,600,150,50,0,0,0,0,0,0,0,0,600,150,50
11,2,473,600,150,50,0,0,0,0,0,0,0,71,247,130,50
11,3,557,600,150,50,0,0,0,1,0,0,5,17,164,130,49
11,4,649,600,150,50,0,4,0,64,0,0,6,2,141,69,41
11,5,683,600,150,50,126,14,0,21,0,0,0,0,131,63,23
11,6,628,600,150,50,0,0,0,52,0,15,2,35,127,116,29
11,7,752,600,150,50,0,0,0,84,0,2,5,3,92,35,21
11,8,778,600,150,50,60,10,0,16,0,0,0,0,87,30,5
11,9,742,600,150,50,0,0,0,28,0,3,0,8,87,57,14
11,10,806,600,150,50,0,0,0,56,0,0,0,1,79,8,7
11,11,815,600,150,50,16,0,0,7,0,0,0,0,77,8,0
11,12,807,600,150,50,0,0,0,7,0,1,0,2,77,16,0
11,13,823,600,150,50,0,0,0,14,0,0,0,0,75,2,0
11,14,823,600,150,50,4,0,0,0,0,0,0,0,75,2,0
11,15,821,600,150,50,0,0,0,2,0,0,0,2,75,4,0
11,16,825,600,150,50,0,0,0,2,0,0,0,0,73,2,0
11,17,825,600,150,50,4,0,0,0,0,0,0,0,73,2,0
11,18,823,600,150,50,0,0,0,2,0,0,0,0,73,4,0
11,19,827,600,150,50,0,0,0,4,0,0,0,0,73,0,0
11,20,827,600,150,50,0,0,0,0,0,0,0,0,73,0,0
11,21,827,600,150,50,0,0,0,0,0,0,0,0,73,0,0
11,22,827,600,150,50,0,0,0,0,0,0,0,0,73,0,0
11,23,827,600,150,50,0,0,0,0,0,0,0,0,73,0,0
11,24,827,600,150,50,0,0,0,0,0,0,0,0,73,0,0
11,25,827,600,150,50,0,0,0,0,0,0,0,0,73,0,0
11,26,827,600,150,50,0,0,0,0,0,0,0,0,73,0,0
11,27,827,600,150,50,0,0,0,0,0,0,0,0,73,0,0
11,28,827,600,150,50,0,0,0,0,0,0,0,0,73,0,0
11,29,827,600,150,50,0,0,0,0,0,0,0,0,73,0,0
11,30,827,600,150,50,0,0,0,0,0,0,0,0,73,0,0
11,31,827,600,150,50,0,0,0,0,0,0,0,0,73,0,0
11,32,827,600,150,50,0,0,0,0,0,0,0,0,73,0,0
11,33,827,600,150,50,0,0,0,0,0,0,0,0,73,0,0
11,34,827,600,150,50,0,0,0,0,0,0,0,0,73,0,0
11,35,827,600,150,50,0,0,0,0,0,0,0,0,73,0,0
11,36,827,600,150,50,0,0,0,0,0,0,0,0,73,0,0
11,37,827,600,150,50,0,0,0,0,0,0,0,0,73,0,0
11,38,827,600,150,50,0,0,0,0,0,0,0,0,73,0,0
11,39,827,600,150,50,0,0,0,0,0,0,0,0,73,0,0
11,40,827,600,150,50,0,0,0,0,0,0,0,0,73,0,0
11,41,827,600,150,50,0,0,0,0,0,0,0,0,73,0,0
11,42,827,600,150,50,0,0,0,0,0,0,0,0,73,0,0
11,43,827,600,150,50,0,0,0,0,0,0,0,0,73,0,0
11,44,827,600,150,50,0,0,0,0,0,0,0,0,73,0,0
11,45,827,600,150,50,0,0,0,0,0,0,0,0,73,0,0
11,46,827,600,150,50,0,0,0,0,0,0,0,0,73,0,0
11,47,827,600,150,50,0,0,0,0,0,0,0,0,73,0,0
11,48,827,600,150,50,0,0,0,0,0,0,0,0,73,0,0
11,49,827,600,150,50,0,0,0,0,0,0,0,0,73,0,0
11,50,827,600,150,50,0,0,0,0,0,0,0,0,73,0,0
11,51,827,600,150,50,0,0,0,0,0,0,0,0,73,0,0
12,1,459,600,150,50,0,0,0,0,0,0,0,0,600,150,50
12,2,459,600,150,50,0,0,0,0,0,0,0,83,261,130,50
12,3,554,600,150,50,0,0,0,0,0,0,6,25,167,129,50
12,4,646,600,150,50,0,2,0,53,0,0,6,5,134,81,39
12,5,684,600,150,50,144,14,0,21,0,0,1,0,121,75,20
12,6,618,600,150,50,0,6,0,51,0,23,1,36,116,138,28
12,7,762,600,150,50,0,2,0,111,0,0,0,2,78,36,24
12,8,781,600,150,50,72,0,0,19,0,0,0,0,76,36,7
12,9,754,600,150,50,0,0,0,40,0,2,0,6,76,69,1
12,10,824,600,150,50,0,0,0,64,0,0,0,0,70,6,0
12,11,824,600,150,50,12,0,0,0,0,0,0,0,70,6,0
12,12,818,600,150,50,0,0,0,6,0,0,0,3,70,12,0
12,13,830,600,150,50,0,0,0,9,0,0,0,0,67,3,0
12,14,830,600,150,50,6,0,0,0,0,0,0,0,67,3,0
12,15,827,600,150,50,0,0,0,3,0,0,0,1,67,6,0
12,16,833,600,150,50,0,0,0,5,0,0,0,0,66,1,0
12,17,833,600,150,50,2,0,0,0,0,0,0,0,66,1,0
12,18,832,600,150,50,0,0,0,1,0,0,0,0,66,2,0
12,19,834,600,150,50,0,0,0,2,0,0,0,0,66,0,0
12,20,834,600,150,50,0,0,0,0,0,0,0,0,66,0,0
12,21,834,600,150,50,0,0,0,0,0,0,0,0,66,0,0
12,22,834,600,150,50,0,0,0,0,0,0,0,0,66,0,0
12,23,834,600,150,50,0,0,0,0,0,0,0,0,66,0,0
12,24,834,600,150,50,0,0,0,0,0,0,0,0,66,0,0
12,25,834,600,150,50,0,0,0,0,0,0,0,0,66,0,0
12,26,834,600,150,50,0,0,0,0,0,0,0,0,66,0,0
12,27,834,600,150,50,0,0,0,0,0,0,0,0,66,0,0
12,28,834,600,150,50,0,0,0,0,0,0,0,0,66,0,0
12,29,834,600,150,50,0,0,0,0,0,0,0,0,66,0,0
12,30,834,600,150,50,0,0,0,0,0,0,0,0,66,0,0
12,31,834,600,150,50,0,0,0,0,0,0,0,0,66,0,0
12,32,834,600,150,50,0,0,0,0,0,0,0,0,66,0,0
12,33,834,600,150,50,0,0,0,0,0,0,0,0,66,0,0
12,34,834,600,150,50,0,0,0,0,0,0,0,0,66,0,0
12,35,834,600,150,50,0,0,0,0,0,0,0,0,66,0,0
12,36,834,600,150,50,0,0,0,0,0,0,0,0,66,0,0
12,37,834,600,150,50,0,0,0,0,0,0,0,0,66,0,0
12,38,834,600,150,50,0,0,0,0,0,0,0,0,66,0,0
12,39,834,600,150,50,0,0,0,0,0,0,0,0,66,0,0
12,40,834,600,150,50,0,0,0,0,0,0,0,0,66,0,0
12,41,834,600,150,50,0,0,0,0,0,0,0,0,66,0,0
12,42,834,600,150,50,0,0,0,0,0,0,0,0,66,0,0
12,43,834,600,150,50,0,0,0,0,0,0,0,0,66,0,0
12,44,834,600,150,50,0,0,0,0,0,0,0,0,66,0,0
12,45,834,600,150,50,0,0,0,0,0,0,0,0,66,0,0
12,46,834,600,150,50,0,0,0,0,0,0,0,0,66,0,0
12,47,834,600,150,50,0,0,0,0,0,0,0,0,66,0,0
12,48,834,600,150,50,0,0,0,0,0,0,0,0,66,0,0
12,49,834,600,150,50,0,0,0,0,0,0,0,0,66,0,0
12,50,834,600,150,50,0,0,0,0,0,0,0,0,66,0,0
12,51,834,600,150,50,0,0,0,0,0,0,0,0,66,0,0
13,1,410,700,150,50,0,0,0,0,0,0,0,0,700,150,50
13,2,410,700,150,50,0,0,0,0,0,0,0,86,309,131,50
13,3,531,700,150,50,0,0,0,3,0,0,9,25,191,131,47
13,4,631,700,150,50,0,4,0,52,0,0,5,4,153,77,39
13,5,662,700,150,50,144,16,0,20,0,0,0,0,143,72,23
13,6,596,700,150,50,0,6,0,52,0,22,6,41,138,135,31
13,7,736,700,150,50,0,0,0,97,0,2,2,5,97,39,28
13,8,765,700,150,50,72,6,0,19,0,3,1,0,92,37,6
13,9,733,700,150,50,0,0,0,35,0,5,1,10,90,69,8
13,10,807,700,150,50,0,2,0,62,0,0,0,1,79,10,4
13,11,808,700,150,50,20,2,0,2,0,0,0,0,78,10,4
13,12,797,700,150,50,0,0,0,10,0,1,1,5,78,20,5
13,13,821,700,150,50,0,0,0,18,0,0,0,0,73,4,2
13,14,822,700,150,50,8,2,0,1,0,0,0,0,73,4,1
13,15,817,700,150,50,0,0,0,4,0,0,0,1,72,8,3
13,16,826,700,150,50,0,0,0,8,0,0,0,0,71,1,2
13,17,828,700,150,50,2,0,0,2,0,0,0,0,71,1,0
13,18,827,700,150,50,0,0,0,1,0,0,0,1,71,2,0
13,19,829,700,150,50,0,0,0,1,0,0,0,0,70,1,0
13,20,829,700,150,50,2,0,0,0,0,0,0,0,70,1,0
13,21,828,700,150,50,0,0,0,1,0,0,0,0,70,2,0
13,22,830,700,150,50,0,0,0,2,0,0,0,0,70,0,0
13,23,830,700,150,50,0,0,0,0,0,0,0,0,70,0,0
13,24,830,700,150,50,0,0,0,0,0,0,0,0,70,0,0
13,25,830,700,150,50,0,0,0,0,0,0,0,0,70,0,0
13,26,830,700,150,50,0,0,0,0,0,0,0,0,70,0,0
13,27,830,700,150,50,0,0,0,0,0,0,0,0,70,0,0
13,28,830,700,150,50,0,0,0,0,0,0,0,0,70,0,0
13,29,830,700,150,50,0,0,0,0,0,0,0,0,70,0,0
13,30,830,700,150,50,0,0,0,0,0,0,0,0,70,0,0
13,31,830,700,150,50,0,0,0,0,0,0,0,0,70,0,0
13,32,830,700,150,50,0,0,0,0,0,0,0,0,70,0,0
13,33,830,700,150,50,0,0,0,0,0,0,0,0,70,0,0
13,34,830,700,150,50,0,0,0,0,0,0,0,0,70,0,0
13,35,830,700,150,50,0,0,0,0,0,0,0,0,70,0,0
13,36,830,700,150,50,0,0,0,0,0,0,0,0,70,0,0
13,37,830,700,150,50,0,0,0,0,0,0,0,0,70,0,0
13,38,830,700,150,50,0,0,0,0,0,0,0,0,70,0,0
13,39,830,700,150,50,0,0,0,0,0,0,0,0,70,0,0
13,40,830,700,150,50,0,0,0,0,0,0,0,0,70,0,0
13,41,830,700,150,50,0,0,0,0,0,0,0,0,70,0,0
13,42,830,700,150,50,0,0,0,0,0,0,0,0,70,0,0
13,43,830,700,150,50,0,0,0,0,0,0,0,0,70,0,0
13,44,830,700,150,50,0,0,0,0,0,0,0,0,70,0,0
13,45,830,700,150,50,0,0,0,0,0,0,0,0,70,0,0
13,46,830,700,150,50,0,0,0,0,0,0,0,0,70,0,0
13,47,830,700,150,50,0,0,0,0,0,0,0,0,70,0,0
13,48,830,700,150,50,0,0,0,0,0,0,0,0,70,0,0
13,49,830,700,150,50,0,0,0,0,0,0,0,0,70,0,0
13,50,830,700,150,50,0,0,0,0,0,0,0,0,70,0,0
13,51,830,700,150,50,0,0,0,0,0,0,0,0,70,0,0
14,1,410,700,150,50,0,0,0,0,0,0,0,0,700,150,50
14,2,410,700,150,50,0,0,0,0,0,0,0,95,305,135,50
14,3,519,700,150,50,0,0,0,1,0,0,3,30,198,134,49
14,4,611,700,150,50,0,0,0,48,0,0,7,3,159,91,39
14,5,644,700,150,50,166,18,0,20,0,0,0,0,153,84,19
14,6,557,700,150,50,0,0,0,56,0,26,7,44,150,158,35
14,7,724,700,150,50,0,6,0,114,0,1,0,5,105,42,29
14,8,752,700,150,50,84,2,0,24,0,2,0,0,97,42,9
14,9,714,700,150,50,0,0,0,41,0,5,0,17,96,83,7
14,10,802,700,150,50,0,0,0,71,0,0,0,2,79,17,2
14,11,806,700,150,50,34,0,0,2,0,0,0,0,77,17,0
14,12,790,700,150,50,0,0,0,15,0,2,0,0,77,33,0
14,13,823,700,150,50,0,0,0,33,0,0,0,0,77,0,0
14,14,823,700,150,50,0,0,0,0,0,0,0,0,77,0,0
14,15,823,700,150,50,0,0,0,0,0,0,0,0,77,0,0
14,16,823,700,150,50,0,0,0,0,0,0,0,0,77,0,0
14,17,823,700,150,50,0,0,0,0,0,0,0,0,77,0,0
14,18,823,700,150,50,0,0,0,0,0,0,0,0,77,0,0
14,19,823,700,150,50,0,0,0,0,0,0,0,0,77,0,0
14,20,823,700,150,50,0,0,0,0,0,0,0,0,77,0,0
14,21,823,700,150,50,0,0,0,0,0,0,0,0,77,0,0
14,22,823,700,150,50,0,0,0,0,0,0,0,0,77,0,0
14,23,823,700,150,50,0,0,0,0,0,0,0,0,77,0,0
14,24,823,700,150,50,0,0,0,0,0,0,0,0,77,0,0
14,25,823,700,150,50,0,0,0,0,0,0,0,0,77,0,0
14,26,823,700,150,50,0,0,0,0,0,0,0,0,77,0,0
14,27,823,700,150,50,0,0,0,0,0,0,0,0,77,0,0
14,28,823,700,150,50,0,0,0,0,0,0,0,0,77,0,0
14,29,823,700,150,50,0,0,0,0,0,0,0,0,77,0,0
14,30,823,700,150,50,0,0,0,0,0,0,0,0,77,0,0
14,31,823,700,150,50,0,0,0,0,0,0,0,0,77,0,0
14,32,823,700,150,50,0,0,0,0,0,0,0,0,77,0,0
14,33,823,700,150,50,0,0,0,0,0,0,0,0,77,0,0
14,34,823,700,150,50,0,0,0,0,0,0,0,0,77,0,0
14,35,823,700,150,50,0,0,0,0,0,0,0,0,77,0,0
14,36,823,700,150,50,0,0,0,0,0,0,0,0,77,0,0
14,37,823,700,150,50,0,0,0,0,0,0,0,0,77,0,0
14,38,823,700,150,50,0,0,0,0,0,0,0,0,77,0,0
14,39,823,700,150,50,0,0,0,0,0,0,0,0,77,0,0
14,40,823,700,150,50,0,0,0,0,0,0,0,0,77,0,0
14,41,823,700,150,50,0,0,0,0,0,0,0,0,77,0,0
14,42,823,700,150,50,0,0,0,0,0,0,0,0,77,0,0
14,43,823,700,150,50,0,0,0,0,0,0,0,0,77,0,0
14,44,823,700,150,50,0,0,0,0,0,0,0,0,77,0,0
14,45,823,700,150,50,0,0,0,0,0,0,0,0,77,0,0
14,46,823,700,150,50,0,0,0,0,0,0,0,0,77,0,0
14,47,823,700,150,50,0,0,0,0,0,0,0,0,77,0,0
14,48,823,700,150,50,0,0,0,0,0,0,0,0,77,0,0
14,49,823,700,150,50,0,0,0,0,0,0,0,0,77,0,0
14,50,823,700,150,50,0,0,0,0,0,0,0,0,77,0,0
14,51,823,700,150,50,0,0,0,0,0,0,0,0,77,0,0
15,1,413,700,150,50,0,0,0,0,0,0,0,0,700,150,50
15,2,413,700,150,50,0,0,0,0,0,0,0,88,306,131,50
15,3,520,700,150,50,0,0,0,2,0,0,11,28,201,131,48
15,4,623,700,150,50,0,4,0,51,0,0,8,1,161,79,37
15,5,649,700,150,50,140,26,0,15,0,0,0,0,154,71,26
15,6,575,700,150,50,0,4,0,51,0,24,9,38,151,135,39
15,7,723,700,150,50,0,0,0,100,0,3,1,6,112,34,31
15,8,754,700,150,50,64,8,0,19,0,3,1,0,104,33,9
15,9,722,700,150,50,0,0,0,30,0,6,0,12,103,62,13
15,10,791,700,150,50,0,2,0,57,0,0,0,3,91,12,6
15,11,797,700,150,50,24,0,0,5,0,0,0,0,88,12,3
15,12,787,700,150,50,0,0,0,11,0,3,1,5,88,24,1
15,13,811,700,150,50,0,0,0,18,0,0,0,0,83,5,1
15,14,811,700,150,50,10,2,0,0,0,0,0,0,83,5,1
15,15,805,700,150,50,0,0,0,6,0,0,0,3,83,10,2
15,16,816,700,150,50,0,0,0,8,0,0,0,0,80,3,1
15,17,817,700,150,50,6,0,0,1,0,0,0,0,80,3,0
15,18,814,700,150,50,0,0,0,3,0,0,0,1,80,6,0
15,19,820,700,150,50,0,0,0,5,0,0,0,0,79,1,0
15,20,820,700,150,50,2,0,0,0,0,0,0,0,79,1,0
15,21,819,700,150,50,0,0,0,1,0,0,0,0,79,2,0
15,22,821,700,150,50,0,0,0,2,0,0,0,0,79,0,0
15,23,821,700,150,50,0,0,0,0,0,0,0,0,79,0,0
15,24,821,700,150,50,0,0,0,0,0,0,0,0,79,0,0
15,25,821,700,150,50,0,0,0,0,0,0,0,0,79,0,0
15,26,821,700,150,50,0,0,0,0,0,0,0,0,79,0,0
15,27,821,700,150,50,0,0,0,0,0,0,0,0,79,0,0
15,28,821,700,150,50,0,0,0,0,0,0,0,0,79,0,0
15,29,821,700,150,50,0,0,0,0,0,0,0,0,79,0,0
15,30,821,700,150,50,0,0,0,0,0,0,0,0,79,0,0
15,31,821,700,150,50,0,0,0,0,0,0,0,0,79,0,0
15,32,821,700,150,50,0,0,0,0,0,0,0,0,79,0,0
15,33,821,700,150,50,0,0,0,0,0,0,0,0,79,0,0
15,34,821,700,150,50,0,0,0,0,0,0,0,0,79,0,0
15,35,821,700,150,50,0,0,0,0,0,0,0,0,79,0,0
15,36,821,700,150,50,0,0,0,0,0,0,0,0,79,0,0
15,37,821,700,150,50,0,0,0,0,0,0,0,0,79,0,0
15,38,821,700,150,50,0,0,0,0,0,0,0,0,79,0,0
15,39,821,700,150,50,0,0,0,0,0,0,0,0,79,0,0
15,40,821,700,150,50,0,0,0,0,0,0,0,0,79,0,0
15,41,821,700,150,50,0,0,0,0,0,0,0,0,79,0,0
15,42,821,700,150,50,0,0,0,0,0,0,0,0,79,0,0
15,43,821,700,150,50,0,0,0,0,0,0,0,0,79,0,0
15,44,821,700,150,50,0,0,0,0,0,0,0,0,79,0,0
15,45,821,700,150,50,0,0,0,0,0,0,0,0,79,0,0
15,46,821,700,150,50,0,0,0,0,0,0,0,0,79,0,0
15,47,821,700,150,50,0,0,0,0,0,0,0,0,79,0,0
15,48,821,700,150,50,0,0,0,0,0,0,0,0,79,0,0
15,49,821,700,150,50,0,0,0,0,0,0,0,0,79,0,0
15,50,821,700,150,50,0,0,0,0,0,0,0,0,79,0,0
15,51,821,700,150,50,0,0,0,0,0,0,0,0,79,0,0
16,1,645,300,50,150,0,0,0,0,0,0,0,0,300,50,150
16,2,645,300,50,150,0,0,0,0,0,0,0,7,81,24,150
16,3,670,300,50,150,0,0,0,2,0,0,3,1,62,22,146
16,4,737,300,50,150,0,0,0,55,0,0,1,0,54,5,104
16,5,822,300,50,150,8,8,0,82,0,0,0,0,52,4,22
16,6,812,300,50,150,0,0,0,4,0,1,0,1,51,8,29
16,7,826,300,50,150,0,0,0,13,0,0,0,0,50,1,23
16,8,849,300,50,150,2,0,0,23,0,0,0,0,50,1,0
16,9,848,300,50,150,0,0,0,1,0,0,0,0,50,2,0
16,10,850,300,50,150,0,0,0,2,0,0,0,0,50,0,0
16,11,850,300,50,150,0,0,0,0,0,0,0,0,50,0,0
16,12,850,300,50,150,0,0,0,0,0,0,0,0,50,0,0
16,13,850,300,50,150,0,0,0,0,0,0,0,0,50,0,0
16,14,850,300,50,150,0,0,0,0,0,0,0,0,50,0,0
16,15,850,300,50,150,0,0,0,0,0,0,0,0,50,0,0
16,16,850,300,50,150,0,0,0,0,0,0,0,0,50,0,0
16,17,850,300,50,150,0,0,0,0,0,0,0,0,50,0,0
16,18,850,300,50,150,0,0,0,0,0,0,0,0,50,0,0
16,19,850,300,50,150,0,0,0,0,0,0,0,0,50,0,0
16,20,850,300,50,150,0,0,0,0,0,0,0,0,50,0,0
16,21,850,300,50,150,0,0,0,0,0,0,0,0,50,0,0
16,22,850,300,50,150,0,0,0,0,0,0,0,0,50,0,0
16,23,850,300,50,150,0,0,0,0,0,0,0,0,50,0,0
16,24,850,300,50,150,0,0,0,0,0,0,0,0,50,0,0
16,25,850,300,50,150,0,0,0,0,0,0,0,0,50,0,0
16,26,850,300,50,150,0,0,0,0,0,0,0,0,50,0,0
16,27,850,300,50,150,0,0,0,0,0,0,0,0,50,0,0
16,28,850,300,50,150,0,0,0,0,0,0,0,0,50,0,0
16,29,850,300,50,150,0,0,0,0,0,0,0,0,50,0,0
16,30,850,300,50,150,0,0,0,0,0,0,0,0,50,0,0
16,31,850,300,50,150,0,0,0,0,0,0,0,0,50,0,0
16,32,850,300,50,150,0,0,0,0,0,0,0,0,50,0,0
16,33,850,300,50,150,0,0,0,0,0,0,0,0,50,0,0
16,34,850,300,50,150,0,0,0,0,0,0,0,0,50,0,0
16,35,850,300,50,150,0,0,0,0,0,0,0,0,50,0,0
16,36,850,300,50,150,0,0,0,0,0,0,0,0,50,0,0
16,37,850,300,50,150,0,0,0,0,0,0,0,0,50,0,0
16,38,850,300,50,150,0,0,0,0,0,0,0,0,50,0,0
16,39,850,300,50,150,0,0,0,0,0,0,0,0,50,0,0
16,40,850,300,50,150,0,0,0,0,0,0,0,0,50,0,0
16,41,850,300,50,150,0,0,0,0,0,0,0,0,50,0,0
16,42,850,300,50,150,0,0,0,0,0,0,0,0,50,0,0
16,43,850,300,50,150,0,0,0,0,0,0,0,0,50,0,0
16,44,850,300,50,150,0,0,0,0,0,0,0,0,50,0,0
16,45,850,300,50,150,0,0,0,0,0,0,0,0,50,0,0
16,46,850,300,50,150,0,0,0,0,0,0,0,0,50,0,0
16,47,850,300,50,150,0,0,0,0,0,0,0,0,50,0,0
16,48,850,300,50,150,0,0,0,0,0,0,0,0,50,0,0
16,49,850,300,50,150,0,0,0,0,0,0,0,0,50,0,0
16,50,850,300,50,150,0,0,0,0,0,0,0,0,50,0,0
16,51,850,300,50,150,0,0,0,0,0,0,0,0,50,0,0
17,1,644,300,50,150,0,0,0,0,0,0,0,0,300,50,150
17,2,644,300,50,150,0,0,0,0,0,0,0,11,83,23,150
17,3,671,300,50,150,0,0,0,2,0,0,4,0,59,22,148
17,4,738,300,50,150,0,4,0,54,0,0,1,0,52,7,103
17,5,812,300,50,150,12,6,0,74,0,0,0,0,49,6,33
17,6,803,300,50,150,0,0,0,9,0,0,0,1,49,12,36
17,7,823,300,50,150,0,0,0,19,0,0,0,0,48,1,28
17,8,851,300,50,150,2,0,0,28,0,0,0,0,48,1,0
17,9,850,300,50,150,0,0,0,1,0,0,0,0,48,2,0
17,10,852,300,50,150,0,0,0,2,0,0,0,0,48,0,0
17,11,852,300,50,150,0,0,0,0,0,0,0,0,48,0,0
17,12,852,300,50,150,0,0,0,0,0,0,0,0,48,0,0
17,13,852,300,50,150,0,0,0,0,0,0,0,0,48,0,0
17,14,852,300,50,150,0,0,0,0,0,0,0,0,48,0,0
17,15,852,300,50,150,0,0,0,0,0,0,0,0,48,0,0
17,16,852,300,50,150,0,0,0,0,0,0,0,0,48,0,0
17,17,852,300,50,150,0,0,0,0,0,0,0,0,48,0,0
17,18,852,300,50,150,0,0,0,0,0,0,0,0,48,0,0
17,19,852,300,50,150,0,0,0,0,0,0,0,0,48,0,0
17,20,852,300,50,150,0,0,0,0,0,0,0,0,48,0,0
17,21,852,300,50,150,0,0,0,0,0,0,0,0,48,0,0
17,22,852,300,50,150,0,0,0,0,0,0,0,0,48,0,0
17,23,852,300,50,150,0,0,0,0,0,0,0,0,48,0,0
17,24,852,300,50,150,0,0,0,0,0,0,0,0,48,0,0
17,25,852,300,50,150,0,0,0,0,0,0,0,0,48,0,0
17,26,852,300,50,150,0,0,0,0,0,0,0,0,48,0,0
17,27,852,300,50,150,0,0,0,0,0,0,0,0,48,0,0
17,28,852,300,50,150,0,0,0,0,0,0,0,0,48,0,0
17,29,852,300,50,150,0,0,0,0,0,0,0,0,48,0,0
17,30,852,300,50,150,0,0,0,0,0,0,0,0,48,0,0
17,31,852,300,50,150,0,0,0,0,0,0,0,0,48,0,0
17,32,852,300,50,150,0,0,0,0,0,0,0,0,48,0,0
17,33,852,300,50,150,0,0,0,0,0,0,0,0,48,0,0
17,34,852,300,50,150,0,0,0,0,0,0,0,0,48,0,0
17,35,852,300,50,150,0,0,0,0,0,0,0,0,48,0,0
17,36,852,300,50,150,0,0,0,0,0,0,0,0,48,0,0
17,37,852,300,50,150,0,0,0,0,0,0,0,0,48,0,0
17,38,852,300,50,150,0,0,0,0,0,0,0,0,48,0,0
17,39,852,300,50,150,0,0,0,0,0,0,0,0,48,0,0
17,40,852,300,50,150,0,0,0,0,0,0,0,0,48,0,0
17,41,852,300,50,150,0,0,0,0,0,0,0,0,48,0,0
17,42,852,300,50,150,0,0,0,0,0,0,0,0,48,0,0
17,43,852,300,50,150,0,0,0,0,0,0,0,0,48,0,0
17,44,852,300,50,150,0,0,0,0,0,0,0,0,48,0,0
17,45,852,300,50,150,0,0,0,0,0,0,0,0,48,0,0
17,46,852,300,50,150,0,0,0,0,0,0,0,0,48,0,0
17,47,852,300,50,150,0,0,0,0,0,0,0,0,48,0,0
17,48,852,300,50,150,0,0,0,0,0,0,0,0,48,0,0
17,49,852,300,50,150,0,0,0,0,0,0,0,0,48,0,0
17,50,852,300,50,150,0,0,0,0,0,0,0,0,48,0,0
17,51,852,300,50,150,0,0,0,0,0,0,0,0,48,0,0
18,1,648,300,50,150,0,0,0,0,0,0,0,0,300,50,150
18,2,648,300,50,150,0,0,0,0,0,0,0,6,80,22,150
18,3,673,300,50,150,0,0,0,1,0,0,2,0,56,22,149
18,4,738,300,50,150,0,2,0,56,0,0,3,0,50,5,107
18,5,824,300,50,150,4,6,0,81,0,0,0,0,46,2,28
18,6,818,300,50,150,0,2,0,4,0,0,0,1,46,4,32
18,7,827,300,50,150,0,0,0,9,0,0,0,0,44,1,28
18,8,854,300,50,150,2,0,0,27,0,0,0,0,44,1,1
18,9,854,300,50,150,0,0,0,2,0,0,0,0,44,2,0
18,10,856,300,50,150,0,0,0,2,0,0,0,0,44,0,0
18,11,856,300,50,150,0,0,0,0,0,0,0,0,44,0,0
18,12,856,300,50,150,0,0,0,0,0,0,0,0,44,0,0
18,13,856,300,50,150,0,0,0,0,0,0,0,0,44,0,0
18,14,856,300,50,150,0,0,0,0,0,0,0,0,44,0,0
18,15,856,300,50,150,0,0,0,0,0,0,0,0,44,0,0
18,16,856,300,50,150,0,0,0,0,0,0,0,0,44,0,0
18,17,856,300,50,150,0,0,0,0,0,0,0,0,44,0,0
18,18,856,300,50,150,0,0,0,0,0,0,0,0,44,0,0
18,19,856,300,50,150,0,0,0,0,0,0,0,0,44,0,0
18,20,856,300,50,150,0,0,0,0,0,0,0,0,44,0,0
18,21,856,300,50,150,0,0,0,0,0,0,0,0,44,0,0
18,22,856,300,50,150,0,0,0,0,0,0,0,0,44,0,0
18,23,856,300,50,150,0,0,0,0,0,0,0,0,44,0,0
18,24,856,300,50,150,0,0,0,0,0,0,0,0,44,0,0
18,25,856,300,50,150,0,0,0,0,0,0,0,0,44,0,0
18,26,856,300,50,150,0,0,0,0,0,0,0,0,44,0,0
18,27,856,300,50,150,0,0,0,0,0,0,0,0,44,0,0
18,28,856,300,50,150,0,0,0,0,0,0,0,0,44,0,0
18,29,856,300,50,150,0,0,0,0,0,0,0,0,44,0,0
18,30,856,300,50,150,0,0,0,0,0,0,0,0,44,0,0
18,31,856,300,50,150,0,0,0,0,0,0,0,0,44,0,0
18,32,856,300,50,150,0,0,0,0,0,0,0,0,44,0,0
18,33,856,300,50,150,0,0,0,0,0,0,0,0,44,0,0
18,34,856,300,50,150,0,0,0,0,0,0,0,0,44,0,0
18,35,856,300,50,150,0,0,0,0,0,0,0,0,44,0,0
18,36,856,300,50,150,0,0,0,0,0,0,0,0,44,0,0
18,37,856,300,50,150,0,0,0,0,0,0,0,0,44,0,0
18,38,856,300,50,150,0,0,0,0,0,0,0,0,44,0,0
18,39,856,300,50,150,0,0,0,0,0,0,0,0,44,0,0
18,40,856,300,50,150,0,0,0,0,0,0,0,0,44,0,0
18,41,856,300,50,150,0,0,0,0,0,0,0,0,44,0,0
18,42,856,300,50,150,0,0,0,0,0,0,0,0,44,0,0
18,43,856,300,50,150,0,0,0,0,0,0,0,0,44,0,0
18,44,856,300,50,150,0,0,0,0,0,0,0,0,44,0,0
18,45,856,300,50,150,0,0,0,0,0,0,0,0,44,0,0
18,46,856,300,50,150,0,0,0,0,0,0,0,0,44,0,0
18,47,856,300,50,150,0,0,0,0,0,0,0,0,44,0,0
18,48,856,300,50,150,0,0,0,0,0,0,0,0,44,0,0
18,49,856,300,50,150,0,0,0,0,0,0,0,0,44,0,0
18,50,856,300,50,150,0,0,0,0,0,0,0,0,44,0,0
18,51,856,300,50,150,0,0,0,0,0,0,0,0,44,0,0
19,1,586,400,50,150,0,0,0,0,0,0,0,0,400,50,150
19,2,586,400,50,150,0,0,0,0,0,0,0,15,136,28,150
19,3,632,400,50,150,0,0,0,1,0,0,7,1,91,28,149
19,4,700,400,50,150,0,2,0,50,0,0,2,0,81,11,108
19,5,777,400,50,150,18,16,0,72,0,0,0,0,77,9,37
19,6,759,400,50,150,0,0,0,15,0,0,0,3,76,18,47
19,7,790,400,50,150,0,0,0,27,0,0,0,0,72,3,35
19,8,827,400,50,150,6,0,0,35,0,0,0,0,70,3,0
19,9,824,400,50,150,0,0,0,3,0,0,0,1,70,6,0
19,10,830,400,50,150,0,0,0,5,0,0,0,0,69,1,0
19,11,830,400,50,150,2,0,0,0,0,0,0,0,69,1,0
19,12,829,400,50,150,0,0,0,1,0,0,0,0,69,2,0
19,13,831,400,50,150,0,0,0,2,0,0,0,0,69,0,0
19,14,831,400,50,150,0,0,0,0,0,0,0,0,69,0,0
19,15,831,400,50,150,0,0,0,0,0,0,0,0,69,0,0
19,16,831,400,50,150,0,0,0,0,0,0,0,0,69,0,0
19,17,831,400,50,150,0,0,0,0,0,0,0,0,69,0,0
19,18,831,400,50,150,0,0,0,0,0,0,0,0,69,0,0
19,19,831,400,50,150,0,0,0,0,0,0,0,0,69,0,0
19,20,831,400,50,150,0,0,0,0,0,0,0,0,69,0,0
19,21,831,400,50,150,0,0,0,0,0,0,0,0,69,0,0
19,22,831,400,50,150,0,0,0,0,0,0,0,0,69,0,0
19,23,831,400,50,150,0,0,0,0,0,0,0,0,69,0,0
19,24,831,400,50,150,0,0,0,0,0,0,0,0,69,0,0
19,25,831,400,50,150,0,0,0,0,0,0,0,0,69,0,0
19,26,831,400,50,150,0,0,0,0,0,0,0,0,69,0,0
19,27,831,400,50,150,0,0,0,0,0,0,0,0,69,0,0
19,28,831,400,50,150,0,0,0,0,0,0,0,0,69,0,0
19,29,831,400,50,150,0,0,0,0,0,0,0,0,69,0,0
19,30,831,400,50,150,0,0,0,0,0,0,0,0,69,0,0
19,31,831,400,50,150,0,0,0,0,0,0,0,0,69,0,0
19,32,831,400,50,150,0,0,0,0,0,0,0,0,69,0,0
19,33,831,400,50,150,0,0,0,0,0,0,0,0,69,0,0
19,34,831,400,50,150,0,0,0,0,0,0,0,0,69,0,0
19,35,831,400,50,150,0,0,0,0,0,0,0,0,69,0,0
19,36,831,400,50,150,0,0,0,0,0,0,0,0,69,0,0
19,37,831,400,50,150,0,0,0,0,0,0,0,0,69,0,0
19,38,831,400,50,150,0,0,0,0,0,0,0,0,69,0,0
19,39,831,400,50,150,0,0,0,0,0,0,0,0,69,0,0
19,40,831,400,50,150,0,0,0,0,0,0,0,0,69,0,0
19,41,831,400,50,150,0,0,0,0,0,0,0,0,69,0,0
19,42,831,400,50,150,0,0,0,0,0,0,0,0,69,0,0
19,43,831,400,50,150,0,0,0,0,0,0,0,0,69,0,0
19,44,831,400,50,150,0,0,0,0,0,0,0,0,69,0,0
19,45,831,400,50,150,0,0,0,0,0,0,0,0,69,0,0
19,46,831,400,50,150,0,0,0,0,0,0,0,0,69,0,0
19,47,831,400,50,150,0,0,0,0,0,0,0,0,69,0,0
19,48,831,400,50,150,0,0,0,0,0,0,0,0,69,0,0
19,49,831,400,50,150,0,0,0,0,0,0,0,0,69,0,0
19,50,831,400,50,150,0,0,0,0,0,0,0,0,69,0,0
19,51,831,400,50,150,0,0,0,0,0,0,0,0,69,0,0
20,1,581,400,50,150,0,0,0,0,0,0,0,0,400,50,150
20,2,581,400,50,150,0,0,0,0,0,0,0,7,146,23,150
20,3,618,400,50,150,0,0,0,2,0,0,4,3,111,23,148
20,4,695,400,50,150,0,2,0,57,0,0,1,1,95,5,105
20,5,791,400,50,150,8,6,0,88,0,0,0,0,86,4,19
20,6,785,400,50,150,0,0,0,5,0,3,0,3,86,8,21
20,7,797,400,50,150,0,0,0,9,0,0,0,0,83,3,17
20,8,814,400,50,150,6,0,0,17,0,0,0,0,83,3,0
20,9,811,400,50,150,0,0,0,3,0,0,0,1,83,6,0
20,10,817,400,50,150,0,0,0,5,0,0,0,0,82,1,0
20,11,817,400,50,150,2,0,0,0,0,0,0,0,82,1,0
20,12,816,400,50,150,0,0,0,1,0,0,0,0,82,2,0
20,13,818,400,50,150,0,0,0,2,0,0,0,0,82,0,0
20,14,818,400,50,150,0,0,0,0,0,0,0,0,82,0,0
20,15,818,400,50,150,0,0,0,0,0,0,0,0,82,0,0
20,16,818,400,50,150,0,0,0,0,0,0,0,0,82,0,0
20,17,818,400,50,150,0,0,0,0,0,0,0,0,82,0,0
20,18,818,400,50,150,0,0,0,0,0,0,0,0,82,0,0
20,19,818,400,50,150,0,0,0,0,0,0,0,0,82,0,0
20,20,818,400,50,150,0,0,0,0,0,0,0,0,82,0,0
20,21,818,400,50,150,0,0,0,0,0,0,0,0,82,0,0
20,22,818,400,50,150,0,0,0,0,0,0,0,0,82,0,0
20,23,818,400,50,150,0,0,0,0,0,0,0,0,82,0,0
20,24,818,400,50,150,0,0,0,0,0,0,0,0,82,0,0
20,25,818,400,50,150,0,0,0,0,0,0,0,0,82,0,0
20,26,818,400,50,150,0,0,0,0,0,0,0,0,82,0,0
20,27,818,400,50,150,0,0,0,0,0,0,0,0,82,0,0
20,28,818,400,50,150,0,0,0,0,0,0,0,0,82,0,0
20,29,818,400,50,150,0,0,0,0,0,0,0,0,82,0,0
20,30,818,400,50,150,0,0,0,0,0,0,0,0,82,0,0
20,31,818,400,50,150,0,0,0,0,0,0,0,0,82,0,0
20,32,818,400,50,150,0,0,0,0,0,0,0,0,82,0,0
20,33,818,400,50,150,0,0,0,0,0,0,0,0,82,0,0
20,34,818,400,50,150,0,0,0,0,0,0,0,0,82,0,0
20,35,818,400,50,150,0,0,0,0,0,0,0,0,82,0,0
20,36,818,400,50,150,0,0,0,0,0,0,0,0,82,0,0
20,37,818,400,50,150,0,0,0,0,0,0,0,0,82,0,0
20,38,818,400,50,150,0,0,0,0,0,0,0,0,82,0,0
20,39,818,400,50,150,0,0,0,0,0,0,0,0,82,0,0
20,40,818,400,50,150,0,0,0,0,0,0,0,0,82,0,0
20,41,818,400,50,150,0,0,0,0,0,0,0,0,82,0,0
20,42,818,400,50,150,0,0,0,0,0,0,0,0,82,0,0
20,43,818,400,50,150,0,0,0,0,0,0,0,0,82,0,0
20,44,818,400,50,150,0,0,0,0,0,0,0,0,82,0,0
20,45,818,400,50,150,0,0,0,0,0,0,0,0,82,0,0
20,46,818,400,50,150,0,0,0,0,0,0,0,0,82,0,0
20,47,818,400,50,150,0,0,0,0,0,0,0,0,82,0,0
20,48,818,400,50,150,0,0,0,0,0,0,0,0,82,0,0
20,49,818,400,50,150,0,0,0,0,0,0,0,0,82,0,0
20,50,818,400,50,150,0,0,0,0,0,0,0,0,82,0,0
20,51,818,400,50,150,0,0,0,0,0,0,0,0,82,0,0
21,1,569,400,50,150,0,0,0,0,0,0,0,0,400,50,150
21,2,569,400,50,150,0,0,0,0,0,0,0,11,151,30,150
21,3,624,400,50,150,0,0,0,5,0,0,4,1,105,28,143
21,4,708,400,50,150,0,2,0,59,0,0,2,0,87,7,98
21,5,790,400,50,150,10,6,0,74,0,0,0,0,79,5,26
21,6,783,400,50,150,0,4,0,7,0,0,0,4,77,10,30
21,7,798,400,50,150,0,0,0,13,0,0,1,0,71,4,27
21,8,823,400,50,150,6,0,0,23,0,1,0,0,71,3,3
21,9,823,400,50,150,0,0,0,6,0,0,0,1,71,6,0
21,10,829,400,50,150,0,0,0,5,0,0,0,0,70,1,0
21,11,829,400,50,150,2,0,0,0,0,0,0,0,70,1,0
21,12,828,400,50,150,0,0,0,1,0,0,0,0,70,2,0
21,13,830,400,50,150,0,0,0,2,0,0,0,0,70,0,0
21,14,830,400,50,150,0,0,0,0,0,0,0,0,70,0,0
21,15,830,400,50,150,0,0,0,0,0,0,0,0,70,0,0
21,16,830,400,50,150,0,0,0,0,0,0,0,0,70,0,0
21,17,830,400,50,150,0,0,0,0,0,0,0,0,70,0,0
21,18,830,400,50,150,0,0,0,0,0,0,0,0,70,0,0
21,19,830,400,50,150,0,0,0,0,0,0,0,0,70,0,0
21,20,830,400,50,150,0,0,0,0,0,0,0,0,70,0,0
21,21,830,400,50,150,0,0,0,0,0,0,0,0,70,0,0
21,22,830,400,50,150,0,0,0,0,0,0,0,0,70,0,0
21,23,830,400,50,150,0,0,0,0,0,0,0,0,70,0,0
21,24,830,400,50,150,0,0,0,0,0,0,0,0,70,0,0
21,25,830,400,50,150,0,0,0,0,0,0,0,0,70,0,0
21,26,830,400,50,150,0,0,0,0,0,0,0,0,70,0,0
21,27,830,400,50,150,0,0,0,0,0,0,0,0,70,0,0
21,28,830,400,50,150,0,0,0,0,0,0,0,0,70,0,0
21,29,830,400,50,150,0,0,0,0,0,0,0,0,70,0,0
21,30,830,400,50,150,0,0,0,0,0,0,0,0,70,0,0
21,31,830,400,50,150,0,0,0,0,0,0,0,0,70,0,0
21,32,830,400,50,150,0,0,0,0,0,0,0,0,70,0,0
21,33,830,400,50,150,0,0,0,0,0,0,0,0,70,0,0
21,34,830,400,50,150,0,0,0,0,0,0,0,0,70,0,0
21,35,830,400,50,150,0,0,0,0,0,0,0,0,70,0,0
21,36,830,400,50,150,0,0,0,0,0,0,0,0,70,0,0
21,37,830,400,50,150,0,0,0,0,0,0,0,0,70,0,0
21,38,830,400,50,150,0,0,0,0,0,0,0,0,70,0,0
21,39,830,400,50,150,0,0,0,0,0,0,0,0,70,0,0
21,40,830,400,50,150,0,0,0,0,0,0,0,0,70,0,0
21,41,830,400,50,150,0,0,0,0,0,0,0,0,70,0,0
21,42,830,400,50,150,0,0,0,0,0,0,0,0,70,0,0
21,43,830,400,50,150,0,0,0,0,0,0,0,0,70,0,0
21,44,830,400,50,150,0,0,0,0,0,0,0,0,70,0,0
21,45,830,400,50,150,0,0,0,0,0,0,0,0,70,0,0
21,46,830,400,50,150,0,0,0,0,0,0,0,0,70,0,0
21,47,830,400,50,150,0,0,0,0,0,0,0,0,70,0,0
21,48,830,400,50,150,0,0,0,0,0,0,0,0,70,0,0
21,49,830,400,50,150,0,0,0,0,0,0,0,0,70,0,0
21,50,830,400,50,150,0,0,0,0,0,0,0,0,70,0,0
21,51,830,400,50,150,0,0,0,0,0,0,0,0,70,0,0
22,1,0,500,50,150,3,0,0,0,0,0,0,0,0,0,0
22,1,519,500,50,150,3,0,0,0,0,0,0,0,500,50,150
22,2,519,500,50,150,3,0,0,0,0,0,0,15,198,33,150
22,3,585,500,50,150,3,0,0,2,0,0,5,2,135,33,147
22,4,669,500,50,150,3,4,0,54,0,0,2,1,111,11,109
22,5,757,500,50,150,19,10,0,78,0,0,0,0,100,9,34
22,6,748,500,50,150,3,0,0,11,0,2,0,3,97,16,39
22,7,772,500,50,150,3,0,0,20,0,0,0,0,93,3,32
22,8,806,500,50,150,9,0,0,32,0,0,0,0,91,3,0
22,9,803,500,50,150,3,0,0,3,0,0,0,0,91,6,0
22,10,809,500,50,150,3,0,0,6,0,0,0,0,91,0,0
22,11,809,500,50,150,3,0,0,0,0,0,0,0,91,0,0
22,12,809,500,50,150,3,0,0,0,0,0,0,0,91,0,0
22,13,809,500,50,150,3,0,0,0,0,0,0,0,91,0,0
22,14,809,500,50,150,3,0,0,0,0,0,0,0,91,0,0
22,15,809,500,50,150,3,0,0,0,0,0,0,0,91,0,0
22,16,809,500,50,150,3,0,0,0,0,0,0,0,91,0,0
22,17,809,500,50,150,3,0,0,0,0,0,0,0,91,0,0
22,18,809,500,50,150,3,0,0,0,0,0,0,0,91,0,0
22,19,809,500,50,150,3,0,0,0,0,0,0,0,91,0,0
22,20,809,500,50,150,3,0,0,0,0,0,0,0,91,0,0
22,21,809,500,50,150,3,0,0,0,0,0,0,0,91,0,0
22,22,809,500,50,150,3,0,0,0,0,0,0,0,91,0,0
22,23,809,500,50,150,3,0,0,0,0,0,0,0,91,0,0
22,24,809,500,50,150,3,0,0,0,0,0,0,0,91,0,0
22,25,809,500,50,150,3,0,0,0,0,0,0,0,91,0,0
22,26,809,500,50,150,3,0,0,0,0,0,0,0,91,0,0
22,27,809,500,50,150,3,0,0,0,0,0,0,0,91,0,0
22,28,809,500,50,150,3,0,0,0,0,0,0,0,91,0,0
22,29,809,500,50,150,3,0,0,0,0,0,0,0,91,0,0
22,30,809,500,50,150,3,0,0,0,0,0,0,0,91,0,0
22,31,809,500,50,150,3,0,0,0,0,0,0,0,91,0,0
22,32,809,500,50,150,3,0,0,0,0,0,0,0,91,0,0
22,33,809,500,50,150,3,0,0,0,0,0,0,0,91,0,0
22,34,809,500,50,150,3,0,0,0,0,0,0,0,91,0,0
22,35,809,500,50,150,3,0,0,0,0,0,0,0,91,0,0
22,36,809,500,50,150,3,0,0,0,0,0,0,0,91,0,0
22,37,809,500,50,150,3,0,0,0,0,0,0,0,91,0,0
22,38,809,500,50,150,3,0,0,0,0,0,0,0,91,0,0
22,39,809,500,50,150,3,0,0,0,0,0,0,0,91,0,0
22,40,809,500,50,150,3,0,0,0,0,0,0,0,91,0,0
22,41,809,500,50,150,3,0,0,0,0,0,0,0,91,0,0
22,42,809,500,50,150,3,0,0,0,0,0,0,0,91,0,0
22,43,809,500,50,150,3,0,0,0,0,0,0,0,91,0,0
22,44,809,500,50,150,3,0,0,0,0,0,0,0,91,0,0
22,45,809,500,50,150,3,0,0,0,0,0,0,0,91,0,0
22,46,809,500,50,150,3,0,0,0,0,0,0,0,91,0,0
22,47,809,500,50,150,3,0,0,0,0,0,0,0,91,0,0
22,48,809,500,50,150,3,0,0,0,0,0,0,0,91,0,0
22,49,809,500,50,150,3,0,0,0,0,0,0,0,91,0,0
22,50,809,500,50,150,3,0,0,0,0,0,0,0,91,0,0
22,51,809,500,50,150,3,0,0,0,0,0,0,0,91,0,0
23,1,510,500,50,150,0,0,0,0,0,0,0,0,500,50,150
23,2,510,500,50,150,0,0,0,0,0,0,0,21,203,37,150
23,3,588,500,50,150,0,0,0,1,0,0,5,7,130,36,146
23,4,670,500,50,150,0,4,0,48,0,0,5,1,103,17,110
23,5,758,500,50,150,24,14,0,79,0,0,0,0,95,12,35
23,6,735,500,50,150,0,2,0,10,0,4,1,4,94,24,47
23,7,773,500,50,150,0,0,0,32,0,0,0,0,87,4,36
23,8,807,500,50,150,8,2,0,34,0,0,0,0,87,4,2
23,9,803,500,50,150,0,0,0,6,0,0,0,2,87,8,2
23,10,811,500,50,150,0,0,0,6,0,0,0,0,85,2,2
23,11,813,500,50,150,4,0,0,2,0,0,0,0,85,2,0
23,12,811,500,50,150,0,0,0,2,0,0,0,1,85,4,0
23,13,815,500,50,150,0,0,0,3,0,0,0,0,84,1,0
23,14,815,500,50,150,2,0,0,0,0,0,0,0,84,1,0
23,15,814,500,50,150,0,0,0,1,0,0,0,1,84,2,0
23,16,816,500,50,150,0,0,0,1,0,0,0,0,83,1,0
23,17,816,500,50,150,2,0,0,0,0,0,0,0,83,1,0
23,18,815,500,50,150,0,0,0,1,0,0,0,0,83,2,0
23,19,817,500,50,150,0,0,0,2,0,0,0,0,83,0,0
23,20,817,500,50,150,0,0,0,0,0,0,0,0,83,0,0
23,21,817,500,50,150,0,0,0,0,0,0,0,0,83,0,0
23,22,817,500,50,150,0,0,0,0,0,0,0,0,83,0,0
23,23,817,500,50,150,0,0,0,0,0,0,0,0,83,0,0
23,24,817,500,50,150,0,0,0,0,0,0,0,0,83,0,0
23,25,817,500,50,150,0,0,0,0,0,0,0,0,83,0,0
23,26,817,500,50,150,0,0,0,0,0,0,0,0,83,0,0
23,27,817,500,50,150,0,0,0,0,0,0,0,0,83,0,0
23,28,817,500,50,150,0,0,0,0,0,0,0,0,83,0,0
23,29,817,500,50,150,0,0,0,0,0,0,0,0,83,0,0
23,30,817,500,50,150,0,0,0,0,0,0,0,0,83,0,0
23,31,817,500,50,150,0,0,0,0,0,0,0,0,83,0,0
23,32,817,500,50,150,0,0,0,0,0,0,0,0,83,0,0
23,33,817,500,50,150,0,0,0,0,0,0,0,0,83,0,0
23,34,817,500,50,150,0,0,0,0,0,0,0,0,83,0,0
23,35,817,500,50,150,0,0,0,0,0,0,0,0,83,0,0
23,36,817,500,50,150,0,0,0,0,0,0,0,0,83,0,0
23,37,817,500,50,150,0,0,0,0,0,0,0,0,83,0,0
23,38,817,500,50,150,0,0,0,0,0,0,0,0,83,0,0
23,39,817,500,50,150,0,0,0,0,0,0,0,0,83,0,0
23,40,817,500,50,150,0,0,0,0,0,0,0,0,83,0,0
23,41,817,500,50,150,0,0,0,0,0,0,0,0,83,0,0
23,42,817,500,50,150,0,0,0,0,0,0,0,0,83,0,0
23,43,817,500,50,150,0,0,0,0,0,0,0,0,83,0,0
23,44,817,500,50,150,0,0,0,0,0,0,0,0,83,0,0
23,45,817,500,50,150,0,0,0,0,0,0,0,0,83,0,0
23,46,817,500,50,150,0,0,0,0,0,0,0,0,83,0,0
23,47,817,500,50,150,0,0,0,0,0,0,0,0,83,0,0
23,48,817,500,50,150,0,0,0,0,0,0,0,0,83,0,0
23,49,817,500,50,150,0,0,0,0,0,0,0,0,83,0,0
23,50,817,500,50,150,0,0,0,0,0,0,0,0,83,0,0
23,51,817,500,50,150,0,0,0,0,0,0,0,0,83,0,0
24,1,526,500,50,150,0,0,0,0,0,0,0,0,500,50,150
24,2,526,500,50,150,0,0,0,0,0,0,0,16,195,29,150
24,3,598,500,50,150,0,0,0,5,0,0,4,2,131,28,143
24,4,688,500,50,150,0,2,0,57,0,0,2,0,104,12,96
24,5,761,500,50,150,20,6,0,66,0,0,0,0,97,10,32
24,6,747,500,50,150,0,2,0,11,0,1,0,4,97,20,36
24,7,771,500,50,150,0,0,0,21,0,0,0,1,92,4,33
24,8,805,500,50,150,8,0,0,33,0,0,0,0,91,4,0
24,9,801,500,50,150,0,0,0,3,0,1,0,2,91,8,0
24,10,809,500,50,150,0,0,0,6,0,0,0,0,89,2,0
24,11,809,500,50,150,4,0,0,0,0,0,0,0,89,2,0
24,12,807,500,50,150,0,0,0,2,0,0,0,0,89,4,0
24,13,811,500,50,150,0,0,0,4,0,0,0,0,89,0,0
24,14,811,500,50,150,0,0,0,0,0,0,0,0,89,0,0
24,15,811,500,50,150,0,0,0,0,0,0,0,0,89,0,0
24,16,811,500,50,150,0,0,0,0,0,0,0,0,89,0,0
24,17,811,500,50,150,0,0,0,0,0,0,0,0,89,0,0
24,18,811,500,50,150,0,0,0,0,0,0,0,0,89,0,0
24,19,811,500,50,150,0,0,0,0,0,0,0,0,89,0,0
24,20,811,500,50,150,0,0,0,0,0,0,0,0,89,0,0
24,21,811,500,50,150,0,0,0,0,0,0,0,0,89,0,0
24,22,811,500,50,150,0,0,0,0,0,0,0,0,89,0,0
24,23,811,500,50,150,0,0,0,0,0,0,0,0,89,0,0
24,24,811,500,50,150,0,0,0,0,0,0,0,0,89,0,0
24,25,811,500,50,150,0,0,0,0,0,0,0,0,89,0,0
24,26,811,500,50,150,0,0,0,0,0,0,0,0,89,0,0
24,27,811,500,50,150,0,0,0,0,0,0,0,0,89,0,0
24,28,811,500,50,150,0,0,0,0,0,0,0,0,89,0,0
24,29,811,500,50,150,0,0,0,0,0,0,0,0,89,0,0
24,30,811,500,50,150,0,0,0,0,0,0,0,0,89,0,0
24,31,811,500,50,150,0,0,0,0,0,0,0,0,89,0,0
24,32,811,500,50,150,0,0,0,0,0,0,0,0,89,0,0
24,33,811,500,50,150,0,0,0,0,0,0,0,0,89,0,0
24,34,811,500,50,150,0,0,0,0,0,0,0,0,89,0,0
24,35,811,500,50,150,0,0,0,0,0,0,0,0,89,0,0
24,36,811,500,50,150,0,0,0,0,0,0,0,0,89,0,0
24,37,811,500,50,150,0,0,0,0,0,0,0,0,89,0,0
24,38,811,500,50,150,0,0,0,0,0,0,0,0,89,0,0
24,39,811,500,50,150,0,0,0,0,0,0,0,0,89,0,0
24,40,811,500,50,150,0,0,0,0,0,0,0,0,89,0,0
24,41,811,500,50,150,0,0,0,0,0,0,0,0,89,0,0
24,42,811,500,50,150,0,0,0,0,0,0,0,0,89,0,0
24,43,811,500,50,150,0,0,0,0,0,0,0,0,89,0,0
24,44,811,500,50,150,0,0,0,0,0,0,0,0,89,0,0
24,45,811,500,50,150,0,0,0,0,0,0,0,0,89,0,0
24,46,811,500,50,150,0,0,0,0,0,0,0,0,89,0,0
24,47,811,500,50,150,0,0,0,0,0,0,0,0,89,0,0
24,48,811,500,50,150,0,0,0,0,0,0,0,0,89,0,0
24,49,811,500,50,150,0,0,0,0,0,0,0,0,89,0,0
24,50,811,500,50,150,0,0,0,0,0,0,0,0,89,0,0
24,51,811,500,50,150,0,0,0,0,0,0,0,0,89,0,0
25,1,460,600,50,150,0,0,0,0,0,0,0,0,600,50,150
25,2,460,600,50,150,0,0,0,0,0,0,0,22,254,36,150
25,3,539,600,50,150,0,0,0,3,0,0,4,7,181,34,146
25,4,627,600,50,150,0,4,0,55,0,0,2,0,153,18,102
25,5,712,600,50,150,32,8,0,76,0,0,0,0,143,16,29
25,6,697,600,50,150,0,0,0,15,0,6,0,17,140,32,31
25,7,738,600,50,150,0,0,0,23,0,0,1,2,122,17,23
25,8,763,600,50,150,32,2,0,22,0,0,0,0,120,16,1
25,9,746,600,50,150,0,0,0,15,0,2,0,5,120,32,2
25,10,778,600,50,150,0,0,0,27,0,0,0,3,115,5,2
25,11,783,600,50,150,10,0,0,2,0,0,0,0,112,5,0
25,12,778,600,50,150,0,0,0,2,0,3,0,0,112,10,0
25,13,788,600,50,150,0,0,0,10,0,0,0,0,112,0,0
25,14,788,600,50,150,0,0,0,0,0,0,0,0,112,0,0
25,15,788,600,50,150,0,0,0,0,0,0,0,0,112,0,0
25,16,788,600,50,150,0,0,0,0,0,0,0,0,112,0,0
25,17,788,600,50,150,0,0,0,0,0,0,0,0,112,0,0
25,18,788,600,50,150,0,0,0,0,0,0,0,0,112,0,0
25,19,788,600,50,150,0,0,0,0,0,0,0,0,112,0,0
25,20,788,600,50,150,0,0,0,0,0,0,0,0,112,0,0
25,21,788,600,50,150,0,0,0,0,0,0,0,0,112,0,0
25,22,788,600,50,150,0,0,0,0,0,0,0,0,112,0,0
25,23,788,600,50,150,0,0,0,0,0,0,0,0,112,0,0
25,24,788,600,50,150,0,0,0,0,0,0,0,0,112,0,0
25,25,788,600,50,150,0,0,0,0,0,0,0,0,112,0,0
25,26,788,600,50,150,0,0,0,0,0,0,0,0,112,0,0
25,27,788,600,50,150,0,0,0,0,0,0,0,0,112,0,0
25,28,788,600,50,150,0,0,0,0,0,0,0,0,112,0,0
25,29,788,600,50,150,0,0,0,0,0,0,0,0,112,0,0
25,30,788,600,50,150,0,0,0,0,0,0,0,0,112,0,0
25,31,788,600,50,150,0,0,0,0,0,0,0,0,112,0,0
25,32,788,600,50,150,0,0,0,0,0,0,0,0,112,0,0
25,33,788,600,50,150,0,0,0,0,0,0,0,0,112,0,0
25,34,788,600,50,150,0,0,0,0,0,0,0,0,112,0,0
25,35,788,600,50,150,0,0,0,0,0,0,0,0,112,0,0
25,36,788,600,50,150,0,0,0,0,0,0,0,0,112,0,0
25,37,788,600,50,150,0,0,0,0,0,0,0,0,112,0,0
25,38,788,600,50,150,0,0,0,0,0,0,0,0,112,0,0
25,39,788,600,50,150,0,0,0,0,0,0,0,0,112,0,0
25,40,788,600,50,150,0,0,0,0,0,0,0,0,112,0,0
25,41,788,600,50,150,0,0,0,0,0,0,0,0,112,0,0
25,42,788,600,50,150,0,0,0,0,0,0,0,0,112,0,0
25,43,788,600,50,150,0,0,0,0,0,0,0,0,112,0,0
25,44,788,600,50,150,0,0,0,0,0,0,0,0,112,0,0
25,45,788,600,50,150,0,0,0,0,0,0,0,0,112,0,0
25,46,788,600,50,150,0,0,0,0,0,0,0,0,112,0,0
25,47,788,600,50,150,0,0,0,0,0,0,0,0,112,0,0
25,48,788,600,50,150,0,0,0,0,0,0,0,0,112,0,0
25,49,788,600,50,150,0,0,0,0,0,0,0,0,112,0,0
25,50,788,600,50,150,0,0,0,0,0,0,0,0,112,0,0
25,51,788,600,50,150,0,0,0,0,0,0,0,0,112,0,0
26,1,461,600,50,150,0,0,0,0,0,0,0,0,600,50,150
26,2,461,600,50,150,0,0,0,0,0,0,0,17,258,31,150
26,3,550,600,50,150,0,0,0,4,0,0,8,8,175,31,144
26,4,644,600,50,150,0,6,0,53,0,0,3,1,143,12,101
26,5,719,600,50,150,18,14,0,64,0,0,0,0,130,9,42
26,6,711,600,50,150,0,2,0,12,0,4,1,7,122,18,49
26,7,749,600,50,150,0,0,0,29,0,0,0,0,112,7,32
26,8,778,600,50,150,14,2,0,29,0,0,0,0,112,7,3
26,9,773,600,50,150,0,0,0,9,0,0,0,2,111,13,3
26,10,787,600,50,150,0,0,0,12,0,0,0,0,109,2,2
26,11,789,600,50,150,4,0,0,2,0,0,0,0,109,2,0
26,12,787,600,50,150,0,0,0,2,0,0,0,0,109,4,0
26,13,791,600,50,150,0,0,0,4,0,0,0,0,109,0,0
26,14,791,600,50,150,0,0,0,0,0,0,0,0,109,0,0
26,15,791,600,50,150,0,0,0,0,0,0,0,0,109,0,0
26,16,791,600,50,150,0,0,0,0,0,0,0,0,109,0,0
26,17,791,600,50,150,0,0,0,0,0,0,0,0,109,0,0
26,18,791,600,50,150,0,0,0,0,0,0,0,0,109,0,0
26,19,791,600,50,150,0,0,0,0,0,0,0,0,109,0,0
26,20,791,600,50,150,0,0,0,0,0,0,0,0,109,0,0
26,21,791,600,50,150,0,0,0,0,0,0,0,0,109,0,0
26,22,791,600,50,150,0,0,0,0,0,0,0,0,109,0,0
26,23,791,600,50,150,0,0,0,0,0,0,0,0,109,0,0
26,24,791,600,50,150,0,0,0,0,0,0,0,0,109,0,0
26,25,791,600,50,150,0,0,0,0,0,0,0,0,109,0,0
26,26,791,600,50,150,0,0,0,0,0,0,0,0,109,0,0
26,27,791,600,50,150,0,0,0,0,0,0,0,0,109,0,0
26,28,791,600,50,150,0,0,0,0,0,0,0,0,109,0,0
26,29,791,600,50,150,0,0,0,0,0,0,0,0,109,0,0
26,30,791,600,50,150,0,0,0,0,0,0,0,0,109,0,0
26,31,791,600,50,150,0,0,0,0,0,0,0,0,109,0,0
26,32,791,600,50,150,0,0,0,0,0,0,0,0,109,0,0
26,33,791,600,50,150,0,0,0,0,0,0,0,0,109,0,0
26,34,791,600,50,150,0,0,0,0,0,0,0,0,109,0,0
26,35,791,600,50,150,0,0,0,0,0,0,0,0,109,0,0
26,36,791,600,50,150,0,0,0,0,0,0,0,0,109,0,0
26,37,791,600,50,150,0,0,0,0,0,0,0,0,109,0,0
26,38,791,600,50,150,0,0,0,0,0,0,0,0,109,0,0
26,39,791,600,50,150,0,0,0,0,0,0,0,0,109,0,0
26,40,791,600,50,150,0,0,0,0,0,0,0,0,109,0,0
26,41,791,600,50,150,0,0,0,0,0,0,0,0,109,0,0
26,42,791,600,50,150,0,0,0,0,0,0,0,0,109,0,0
26,43,791,600,50,150,0,0,0,0,0,0,0,0,109,0,0
26,44,791,600,50,150,0,0,0,0,0,0,0,0,109,0,0
26,45,791,600,50,150,0,0,0,0,0,0,0,0,109,0,0
26,46,791,600,50,150,0,0,0,0,0,0,0,0,109,0,0
26,47,791,600,50,150,0,0,0,0,0,0,0,0,109,0,0
26,48,791,600,50,150,0,0,0,0,0,0,0,0,109,0,0
26,49,791,600,50,150,0,0,0,0,0,0,0,0,109,0,0
26,50,791,600,50,150,0,0,0,0,0,0,0,0,109,0,0
26,51,791,600,50,150,0,0,0,0,0,0,0,0,109,0,0
27,1,448,600,50,150,0,0,0,0,0,0,0,0,600,50,150
27,2,448,600,50,150,0,0,0,0,0,0,0,27,270,32,150
27,3,539,600,50,150,0,0,0,4,0,0,5,11,183,32,146
27,4,634,600,50,150,0,2,0,44,0,0,11,0,141,22,103
27,5,719,600,50,150,22,24,0,68,0,0,0,0,133,11,37
27,6,695,600,50,150,0,4,0,8,0,6,1,5,128,21,56
27,7,734,600,50,150,0,0,0,32,0,1,0,1,119,4,43
27,8,777,600,50,150,8,0,0,41,0,0,0,0,117,4,2
27,9,775,600,50,150,0,0,0,5,0,1,0,0,117,8,0
27,10,783,600,50,150,0,0,0,8,0,0,0,0,117,0,0
27,11,783,600,50,150,0,0,0,0,0,0,0,0,117,0,0
27,12,783,600,50,150,0,0,0,0,0,0,0,0,117,0,0
27,13,783,600,50,150,0,0,0,0,0,0,0,0,117,0,0
27,14,783,600,50,150,0,0,0,0,0,0,0,0,117,0,0
27,15,783,600,50,150,0,0,0,0,0,0,0,0,117,0,0
27,16,783,600,50,150,0,0,0,0,0,0,0,0,117,0,0
27,17,783,600,50,150,0,0,0,0,0,0,0,0,117,0,0
27,18,783,600,50,150,0,0,0,0,0,0,0,0,117,0,0
27,19,783,600,50,150,0,0,0,0,0,0,0,0,117,0,0
27,20,783,600,50,150,0,0,0,0,0,0,0,0,117,0,0
27,21,783,600,50,150,0,0,0,0,0,0,0,0,117,0,0
27,22,783,600,50,150,0,0,0,0,0,0,0,0,117,0,0
27,23,783,600,50,150,0,0,0,0,0,0,0,0,117,0,0
27,24,783,600,50,150,0,0,0,0,0,0,0,0,117,0,0
27,25,783,600,50,150,0,0,0,0,0,0,0,0,117,0,0
27,26,783,600,50,150,0,0,0,0,0,0,0,0,117,0,0
27,27,783,600,50,150,0,0,0,0,0,0,0,0,117,0,0
27,28,783,600,50,150,0,0,0,0,0,0,0,0,117,0,0
27,29,783,600,50,150,0,0,0,0,0,0,0,0,117,0,0
27,30,783,600,50,150,0,0,0,0,0,0,0,0,117,0,0
27,31,783,600,50,150,0,0,0,0,0,0,0,0,117,0,0
27,32,783,600,50,150,0,0,0,0,0,0,0,0,117,0,0
27,33,783,600,50,150,0,0,0,0,0,0,0,0,117,0,0
27,34,783,600,50,150,0,0,0,0,0,0,0,0,117,0,0
27,35,783,600,50,150,0,0,0,0,0,0,0,0,117,0,0
27,36,783,600,50,150,0,0,0,0,0,0,0,0,117,0,0
27,37,783,600,50,150,0,0,0,0,0,0,0,0,117,0,0
27,38,783,600,50,150,0,0,0,0,0,0,0,0,117,0,0
27,39,783,600,50,150,0,0,0,0,0,0,0,0,117,0,0
27,40,783,600,50,150,0,0,0,0,0,0,0,0,117,0,0
27,41,783,600,50,150,0,0,0,0,0,0,0,0,117,0,0
27,42,783,600,50,150,0,0,0,0,0,0,0,0,117,0,0
27,43,783,600,50,150,0,0,0,0,0,0,0,0,117,0,0
27,44,783,600,50,150,0,0,0,0,0,0,0,0,117,0,0
27,45,783,600,50,150,0,0,0,0,0,0,0,0,117,0,0
27,46,783,600,50,150,0,0,0,0,0,0,0,0,117,0,0
27,47,783,600,50,150,0,0,0,0,0,0,0,0,117,0,0
27,48,783,600,50,150,0,0,0,0,0,0,0,0,117,0,0
27,49,783,600,50,150,0,0,0,0,0,0,0,0,117,0,0
27,50,783,600,50,150,0,0,0,0,0,0,0,0,117,0,0
27,51,783,600,50,150,0,0,0,0,0,0,0,0,117,0,0
28,1,419,700,50,150,0,0,0,0,0,0,0,0,700,50,150
28,2,419,700,50,150,0,0,0,0,0,0,0,24,301,30,150
28,3,505,700,50,150,0,0,0,2,0,0,4,12,219,30,146
28,4,600,700,50,150,0,2,0,44,0,0,7,2,173,21,106
28,5,709,700,50,150,28,12,0,86,0,0,0,0,155,14,22
28,6,688,700,50,150,0,6,0,7,0,10,0,10,153,28,31
28,7,719,700,50,150,0,0,0,25,0,0,1,2,141,10,30
28,8,751,700,50,150,18,2,0,24,0,0,0,0,134,9,6
28,9,747,700,50,150,0,0,0,13,0,1,0,3,133,17,3
28,10,766,700,50,150,0,0,0,15,0,0,0,0,129,3,2
28,11,768,700,50,150,6,0,0,2,0,0,0,0,129,3,0
28,12,765,700,50,150,0,0,0,3,0,0,0,0,129,6,0
28,13,771,700,50,150,0,0,0,6,0,0,0,0,129,0,0
28,14,771,700,50,150,0,0,0,0,0,0,0,0,129,0,0
28,15,771,700,50,150,0,0,0,0,0,0,0,0,129,0,0
28,16,771,700,50,150,0,0,0,0,0,0,0,0,129,0,0
28,17,771,700,50,150,0,0,0,0,0,0,0,0,129,0,0
28,18,771,700,50,150,0,0,0,0,0,0,0,0,129,0,0
28,19,771,700,50,150,0,0,0,0,0,0,0,0,129,0,0
28,20,771,700,50,150,0,0,0,0,0,0,0,0,129,0,0
28,21,771,700,50,150,0,0,0,0,0,0,0,0,129,0,0
28,22,771,700,50,150,0,0,0,0,0,0,0,0,129,0,0
28,23,771,700,50,150,0,0,0,0,0,0,0,0,129,0,0
28,24,771,700,50,150,0,0,0,0,0,0,0,0,129,0,0
28,25,771,700,50,150,0,0,0,0,0,0,0,0,129,0,0
28,26,771,700,50,150,0,0,0,0,0,0,0,0,129,0,0
28,27,771,700,50,150,0,0,0,0,0,0,0,0,129,0,0
28,28,771,700,50,150,0,0,0,0,0,0,0,0,129,0,0
28,29,771,700,50,150,0,0,0,0,0,0,0,0,129,0,0
28,30,771,700,50,150,0,0,0,0,0,0,0,0,129,0,0
28,31,771,700,50,150,0,0,0,0,0,0,0,0,129,0,0
28,32,771,700,50,150,0,0,0,0,0,0,0,0,129,0,0
28,33,771,700,50,150,0,0,0,0,0,0,0,0,129,0,0
28,34,771,700,50,150,0,0,0,0,0,0,0,0,129,0,0
28,35,771,700,50,150,0,0,0,0,0,0,0,0,129,0,0
28,36,771,700,50,150,0,0,0,0,0,0,0,0,129,0,0
28,37,771,700,50,150,0,0,0,0,0,0,0,0,129,0,0
28,38,771,700,50,150,0,0,0,0,0,0,0,0,129,0,0
28,39,771,700,50,150,0,0,0,0,0,0,0,0,129,0,0
28,40,771,700,50,150,0,0,0,0,0,0,0,0,129,0,0
28,41,771,700,50,150,0,0,0,0,0,0,0,0,129,0,0
28,42,771,700,50,150,0,0,0,0,0,0,0,0,129,0,0
28,43,771,700,50,150,0,0,0,0,0,0,0,0,129,0,0
28,44,771,700,50,150,0,0,0,0,0,0,0,0,129,0,0
28,45,771,700,50,150,0,0,0,0,0,0,0,0,129,0,0
28,46,771,700,50,150,0,0,0,0,0,0,0,0,129,0,0
28,47,771,700,50,150,0,0,0,0,0,0,0,0,129,0,0
28,48,771,700,50,150,0,0,0,0,0,0,0,0,129,0,0
28,49,771,700,50,150,0,0,0,0,0,0,0,0,129,0,0
28,50,771,700,50,150,0,0,0,0,0,0,0,0,129,0,0
28,51,771,700,50,150,0,0,0,0,0,0,0,0,129,0,0
29,1,409,700,50,150,0,0,0,0,0,0,0,0,700,50,150
29,2,409,700,50,150,0,0,0,0,0,0,0,18,306,35,150
29,3,499,700,50,150,0,0,0,5,0,0,5,6,222,35,144
29,4,597,700,50,150,0,4,0,59,0,0,3,0,189,15,99
29,5,678,700,50,150,24,10,0,69,0,0,0,0,177,12,33
29,6,665,700,50,150,0,2,0,11,0,5,1,11,172,24,39
29,7,702,700,50,150,0,2,0,24,0,0,0,3,158,11,29
29,8,730,700,50,150,22,0,0,26,0,0,0,1,154,11,5
29,9,723,700,50,150,0,0,0,10,0,3,0,6,152,22,3
29,10,748,700,50,150,0,0,0,19,0,0,0,1,146,6,0
29,11,749,700,50,150,12,0,0,0,0,0,0,0,145,6,0
29,12,743,700,50,150,0,0,0,5,0,1,0,2,145,12,0
29,13,755,700,50,150,0,0,0,10,0,0,0,0,143,2,0
29,14,755,700,50,150,4,0,0,0,0,0,0,0,143,2,0
29,15,753,700,50,150,0,0,0,2,0,0,0,0,143,4,0
29,16,757,700,50,150,0,0,0,4,0,0,0,0,143,0,0
29,17,757,700,50,150,0,0,0,0,0,0,0,0,143,0,0
29,18,757,700,50,150,0,0,0,0,0,0,0,0,143,0,0
29,19,757,700,50,150,0,0,0,0,0,0,0,0,143,0,0
29,20,757,700,50,150,0,0,0,0,0,0,0,0,143,0,0
29,21,757,700,50,150,0,0,0,0,0,0,0,0,143,0,0
29,22,757,700,50,150,0,0,0,0,0,0,0,0,143,0,0
29,23,757,700,50,150,0,0,0,0,0,0,0,0,143,0,0
29,24,757,700,50,150,0,0,0,0,0,0,0,0,143,0,0
29,25,757,700,50,150,0,0,0,0,0,0,0,0,143,0,0
29,26,757,700,50,150,0,0,0,0,0,0,0,0,143,0,0
29,27,757,700,50,150,0,0,0,0,0,0,0,0,143,0,0
29,28,757,700,50,150,0,0,0,0,0,0,0,0,143,0,0
29,29,757,700,50,150,0,0,0,0,0,0,0,0,143,0,0
29,30,757,700,50,150,0,0,0,0,0,0,0,0,143,0,0
29,31,757,700,50,150,0,0,0,0,0,0,0,0,143,0,0
29,32,757,700,50,150,0,0,0,0,0,0,0,0,143,0,0
29,33,757,700,50,150,0,0,0,0,0,0,0,0,143,0,0
29,34,757,700,50,150,0,0,0,0,0,0,0,0,143,0,0
29,35,757,700,50,150,0,0,0,0,0,0,0,0,143,0,0
29,36,757,700,50,150,0,0,0,0,0,0,0,0,143,0,0
29,37,757,700,50,150,0,0,0,0,0,0,0,0,143,0,0
29,38,757,700,50,150,0,0,0,0,0,0,0,0,143,0,0
29,39,757,700,50,150,0,0,0,0,0,0,0,0,143,0,0
29,40,757,700,50,150,0,0,0,0,0,0,0,0,143,0,0
29,41,757,700,50,150,0,0,0,0,0,0,0,0,143,0,0
29,42,757,700,50,150,0,0,0,0,0,0,0,0,143,0,0
29,43,757,700,50,150,0,0,0,0,0,0,0,0,143,0,0
29,44,757,700,50,150,0,0,0,0,0,0,0,0,143,0,0
29,45,757,700,50,150,0,0,0,0,0,0,0,0,143,0,0
29,46,757,700,50,150,0,0,0,0,0,0,0,0,143,0,0
29,47,757,700,50,150,0,0,0,0,0,0,0,0,143,0,0
29,48,757,700,50,150,0,0,0,0,0,0,0,0,143,0,0
29,49,757,700,50,150,0,0,0,0,0,0,0,0,143,0,0
29,50,757,700,50,150,0,0,0,0,0,0,0,0,143,0,0
29,51,757,700,50,150,0,0,0,0,0,0,0,0,143,0,0
30,1,405,700,50,150,0,0,0,0,0,0,0,0,700,50,150
30,2,405,700,50,150,0,0,0,0,0,0,0,24,310,35,150
30,3,505,700,50,150,0,0,0,2,0,0,5,15,214,34,147
30,4,614,700,50,150,0,4,0,50,0,0,3,3,161,20,105
30,5,704,700,50,150,34,12,0,73,0,0,0,0,144,17,35
30,6,686,700,50,150,0,0,0,10,0,11,0,11,137,34,43
30,7,734,700,50,150,0,0,0,34,0,0,1,2,124,11,31
30,8,767,700,50,150,20,0,0,29,0,1,0,0,122,10,1
30,9,759,700,50,150,0,0,0,9,0,2,0,3,122,19,0
30,10,778,700,50,150,0,0,0,16,0,0,0,0,119,3,0
30,11,778,700,50,150,6,0,0,0,0,0,0,0,119,3,0
30,12,775,700,50,150,0,0,0,3,0,0,0,0,119,6,0
30,13,781,700,50,150,0,0,0,6,0,0,0,0,119,0,0
30,14,781,700,50,150,0,0,0,0,0,0,0,0,119,0,0
30,15,781,700,50,150,0,0,0,0,0,0,0,0,119,0,0
30,16,781,700,50,150,0,0,0,0,0,0,0,0,119,0,0
30,17,781,700,50,150,0,0,0,0,0,0,0,0,119,0,0
30,18,781,700,50,150,0,0,0,0,0,0,0,0,119,0,0
30,19,781,700,50,150,0,0,0,0,0,0,0,0,119,0,0
30,20,781,700,50,150,0,0,0,0,0,0,0,0,119,0,0
30,21,781,700,50,150,0,0,0,0,0,0,0,0,119,0,0
30,22,781,700,50,150,0,0,0,0,0,0,0,0,119,0,0
30,23,781,700,50,150,0,0,0,0,0,0,0,0,119,0,0
30,24,781,700,50,150,0,0,0,0,0,0,0,0,119,0,0
30,25,781,700,50,150,0,0,0,0,0,0,0,0,119,0,0
30,26,781,700,50,150,0,0,0,0,0,0,0,0,119,0,0
30,27,781,700,50,150,0,0,0,0,0,0,0,0,119,0,0
30,28,781,700,50,150,0,0,0,0,0,0,0,0,119,0,0
30,29,781,700,50,150,0,0,0,0,0,0,0,0,119,0,0
30,30,781,700,50,150,0,0,0,0,0,0,0,0,119,0,0
30,31,781,700,50,150,0,0,0,0,0,0,0,0,119,0,0
30,32,781,700,50,150,0,0,0,0,0,0,0,0,119,0,0
30,33,781,700,50,150,0,0,0,0,0,0,0,0,119,0,0
30,34,781,700,50,150,0,0,0,0,0,0,0,0,119,0,0
30,35,781,700,50,150,0,0,0,0,0,0,0,0,119,0,0
30,36,781,700,50,150,0,0,0,0,0,0,0,0,119,0,0
30,37,781,700,50,150,0,0,0,0,0,0,0,0,119,0,0
30,38,781,700,50,150,0,0,0,0,0,0,0,0,119,0,0
30,39,781,700,50,150,0,0,0,0,0,0,0,0,119,0,0
30,40,781,700,50,150,0,0,0,0,0,0,0,0,119,0,0
30,41,781,700,50,150,0,0,0,0,0,0,0,0,119,0,0
30,42,781,700,50,150,0,0,0,0,0,0,0,0,119,0,0
30,43,781,700,50,150,0,0,0,0,0,0,0,0,119,0,0
30,44,781,700,50,150,0,0,0,0,0,0,0,0,119,0,0
30,45,781,700,50,150,0,0,0,0,0,0,0,0,119,0,0
30,46,781,700,50,150,0,0,0,0,0,0,0,0,119,0,0
30,47,781,700,50,150,0,0,0,0,0,0,0,0,119,0,0
30,48,781,700,50,150,0,0,0,0,0,0,0,0,119,0,0
30,49,781,700,50,150,0,0,0,0,0,0,0,0,119,0,0
30,50,781,700,50,150,0,0,0,0,0,0,0,0,119,0,0
30,51,781,700,50,150,0,0,0,0,0,0,0,0,119,0,0